day,D_encinitas,D_tepper1,D_smoombapteltd,D_dosomething,D_shinsbatch,D_speedoflight,D_hideyoshi,D_radyucsd,D_umichioeinternationalmp,D_schaefercitybulldogs,D_rotmanroxstars
30,8.555555555555555,6.555555555555555,5.444444444444445,7.444444444444445,7.444444444444445,5.333333333333334,8.555555555555555,5.333333333333334,5.444444444444445,5.333333333333334,5.444444444444445
31,7.666666666666667,5.444444444444445,7.666666666666667,5.444444444444445,8.777777777777779,7.666666666666667,8.777777777777779,8.777777777777779,7.777777777777779,7.666666666666667,8.88888888888889
32,4.444444444444445,5.555555555555555,5.555555555555555,5.555555555555555,4.444444444444445,5.555555555555555,3.3333333333333335,3.3333333333333335,4.444444444444445,5.555555555555555,3.3333333333333335
33,7.222222222222222,7.444444444444445,7.222222222222222,7.111111111111111,9.777777777777777,7.111111111111111,12.222222222222223,9.777777777777777,10.11111111111111,4.777777777777778,8.88888888888889
34,1.4444444444444446,6.333333333333334,1.2222222222222223,1.4444444444444446,9.666666666666666,0.8888888888888888,7.777777777777778,5.222222222222222,2.0,6.333333333333334,7.777777777777778
35,1.5555555555555556,10.444444444444443,0.0,1.5555555555555556,7.777777777777778,0.3333333333333333,7.777777777777779,7.777777777777777,5.666666666666666,9.333333333333332,7.777777777777779
36,0.0,6.555555555555555,0.0,5.666666666666666,7.666666666666668,0.6666666666666666,7.777777777777778,8.777777777777779,2.888888888888889,7.222222222222221,6.666666666666667
37,0.0,8.333333333333334,0.4444444444444444,6.555555555555555,10.0,7.111111111111112,9.777777777777779,8.333333333333332,1.1111111111111112,9.777777777777779,7.777777777777779
38,0.0,11.0,0.7777777777777778,11.555555555555555,5.555555555555555,4.222222222222222,6.666666666666667,8.88888888888889,9.777777777777779,10.0,7.777777777777778
39,1.1111111111111112,3.3333333333333335,4.111111111111111,3.3333333333333335,3.3333333333333335,9.88888888888889,3.3333333333333335,3.3333333333333335,7.0,3.3333333333333335,2.2222222222222223
40,1.1111111111111112,5.222222222222222,4.444444444444445,6.222222222222222,3.3333333333333335,5.333333333333334,4.444444444444445,4.444444444444445,8.88888888888889,3.3333333333333335,4.444444444444445
41,4.444444444444445,8.0,3.3333333333333335,4.111111111111111,4.444444444444445,9.0,3.3333333333333335,6.111111111111111,4.444444444444445,2.2222222222222223,3.3333333333333335
42,5.555555555555555,5.0,5.555555555555555,5.0,4.444444444444445,5.0,5.555555555555555,4.0,5.222222222222222,4.444444444444445,5.555555555555555
43,8.88888888888889,13.0,8.88888888888889,11.777777777777777,6.666666666666666,15.555555555555557,10.0,15.0,4.0,8.88888888888889,8.88888888888889
44,8.88888888888889,9.88888888888889,8.88888888888889,7.333333333333334,8.777777777777779,5.555555555555555,6.666666666666666,9.0,9.666666666666666,9.333333333333334,5.555555555555555
45,5.555555555555555,7.0,6.666666666666666,10.0,6.666666666666667,6.666666666666666,6.666666666666666,8.333333333333334,8.333333333333334,9.666666666666666,6.666666666666666
46,7.777777777777779,3.888888888888889,7.777777777777779,8.555555555555555,6.666666666666666,10.0,4.444444444444445,4.888888888888889,4.888888888888889,7.777777777777779,7.777777777777779
47,8.88888888888889,8.777777777777777,8.88888888888889,8.777777777777779,6.666666666666667,7.777777777777778,8.88888888888889,8.777777777777779,9.333333333333332,11.555555555555557,8.88888888888889
48,10.0,11.0,10.0,6.111111111111111,10.444444444444445,8.88888888888889,6.666666666666667,11.0,12.0,8.555555555555557,10.0
49,7.777777777777778,11.11111111111111,7.777777777777778,9.444444444444445,12.0,8.88888888888889,7.777777777777778,10.88888888888889,7.0,8.88888888888889,7.666666666666667
50,10.0,11.111111111111112,9.222222222222221,8.11111111111111,8.0,5.555555555555555,10.0,11.111111111111112,6.0,10.0,8.0
51,7.777777777777778,7.777777777777778,6.666666666666666,11.777777777777779,10.333333333333332,7.777777777777778,7.777777777777778,7.777777777777778,8.666666666666666,7.777777777777778,11.0
52,10.0,10.666666666666668,11.333333333333334,9.11111111111111,8.0,11.11111111111111,10.0,10.0,10.0,11.11111111111111,10.0
53,11.11111111111111,9.0,9.777777777777779,9.666666666666668,9.88888888888889,10.0,10.0,11.11111111111111,13.333333333333332,10.0,16.0
54,6.666666666666667,8.222222222222221,6.555555555555555,4.444444444444445,4.888888888888889,8.88888888888889,6.666666666666667,6.666666666666667,8.88888888888889,7.777777777777778,9.0
55,9.444444444444443,8.0,10.222222222222223,9.333333333333334,5.333333333333334,9.88888888888889,9.444444444444443,9.444444444444443,9.88888888888889,7.222222222222221,15.0
56,1.1111111111111112,7.888888888888888,8.777777777777779,11.11111111111111,12.88888888888889,10.0,8.666666666666666,7.555555555555555,10.0,12.88888888888889,10.0
57,3.0,8.0,9.11111111111111,12.222222222222223,9.0,15.555555555555557,10.444444444444443,12.666666666666666,15.555555555555557,12.222222222222223,13.0
58,13.11111111111111,10.333333333333332,7.777777777777779,8.88888888888889,9.0,5.555555555555555,5.555555555555555,5.555555555555555,5.555555555555555,5.555555555555555,9.0
59,8.0,7.777777777777777,10.0,10.0,9.222222222222221,10.0,12.222222222222223,10.0,10.0,10.0,11.0
60,6.0,6.555555555555555,4.888888888888889,4.888888888888889,5.666666666666666,9.777777777777779,10.0,4.888888888888889,9.777777777777779,9.777777777777779,9.0
61,10.0,10.666666666666668,14.333333333333334,14.333333333333336,12.88888888888889,14.444444444444443,6.666666666666666,13.222222222222223,14.444444444444443,16.0,10.0
62,13.11111111111111,9.666666666666668,7.777777777777778,6.666666666666667,8.0,0.0,6.666666666666667,6.666666666666667,6.666666666666667,6.111111111111111,6.555555555555555
63,8.88888888888889,7.111111111111111,7.777777777777778,7.777777777777778,9.0,0.0,8.88888888888889,7.777777777777778,8.88888888888889,12.0,9.222222222222221
64,10.0,8.333333333333334,10.0,8.666666666666666,10.0,0.0,10.0,10.0,10.0,9.11111111111111,10.0
65,12.222222222222223,12.88888888888889,12.222222222222223,11.0,9.0,0.0,12.222222222222223,12.222222222222223,8.88888888888889,11.11111111111111,13.333333333333334
66,12.222222222222221,9.444444444444445,8.88888888888889,16.22222222222222,9.0,10.777777777777779,12.222222222222221,8.88888888888889,12.222222222222221,12.222222222222221,10.0
67,7.777777777777779,8.11111111111111,11.11111111111111,4.444444444444445,8.88888888888889,11.11111111111111,4.444444444444445,10.0,7.777777777777779,7.777777777777779,4.444444444444445
68,10.0,7.888888888888889,8.0,10.0,7.222222222222222,10.0,10.0,7.666666666666667,10.0,10.0,10.0
69,7.777777777777779,9.666666666666666,9.666666666666668,14.222222222222221,11.0,13.333333333333334,13.333333333333334,12.222222222222221,13.333333333333334,13.333333333333334,13.333333333333334
70,0.0,7.777777777777778,13.333333333333334,10.0,6.888888888888889,7.777777777777778,7.777777777777778,7.777777777777778,7.777777777777778,13.333333333333332,7.777777777777778
71,0.0,9.666666666666666,6.666666666666666,14.0,11.555555555555555,12.222222222222221,12.222222222222221,11.11111111111111,12.222222222222221,12.222222222222221,12.222222222222221
72,5.555555555555555,10.666666666666666,4.888888888888889,16.11111111111111,12.88888888888889,10.0,10.0,10.0,10.0,10.0,10.0
73,11.11111111111111,7.0,13.0,14.444444444444445,13.0,10.0,14.444444444444445,10.0,14.444444444444445,14.444444444444445,14.444444444444445
74,12.222222222222221,16.77777777777778,15.0,8.88888888888889,14.444444444444443,8.88888888888889,8.88888888888889,11.11111111111111,8.88888888888889,6.666666666666667,8.88888888888889
75,6.666666666666667,9.0,12.555555555555555,6.666666666666667,6.666666666666667,6.666666666666667,6.666666666666667,6.666666666666667,6.666666666666667,6.666666666666667,6.666666666666667
76,11.11111111111111,13.0,15.11111111111111,12.666666666666668,10.0,11.11111111111111,11.11111111111111,8.88888888888889,11.11111111111111,11.11111111111111,10.0
77,12.222222222222223,19.0,12.222222222222223,14.444444444444445,12.0,12.222222222222223,13.333333333333334,10.0,12.222222222222223,12.222222222222223,12.222222222222223
78,13.333333333333334,11.0,13.333333333333334,13.333333333333334,8.0,13.333333333333334,10.0,7.777777777777777,13.333333333333334,13.333333333333334,13.333333333333334
79,8.88888888888889,17.333333333333332,8.88888888888889,8.88888888888889,16.0,8.88888888888889,8.88888888888889,9.88888888888889,7.777777777777779,8.88888888888889,8.88888888888889
80,12.222222222222221,12.222222222222221,12.222222222222221,10.333333333333332,11.0,12.222222222222221,12.222222222222221,10.0,8.88888888888889,10.0,12.222222222222221
81,11.111111111111112,10.222222222222221,11.111111111111112,8.666666666666666,8.0,8.88888888888889,12.222222222222223,10.0,6.222222222222222,11.111111111111112,11.111111111111112
82,10.0,6.888888888888889,10.0,4.444444444444445,6.333333333333333,10.0,10.0,7.777777777777779,4.0,10.0,8.88888888888889
83,14.444444444444445,15.222222222222223,14.444444444444445,5.666666666666667,11.222222222222221,14.444444444444445,12.222222222222221,10.666666666666666,13.333333333333332,14.444444444444445,13.333333333333334
84,6.666666666666667,6.555555555555556,6.666666666666667,7.222222222222222,8.777777777777779,10.0,10.0,6.444444444444445,3.111111111111111,10.0,7.777777777777778
85,12.222222222222223,11.222222222222221,8.88888888888889,4.888888888888889,7.0,8.88888888888889,8.88888888888889,12.0,8.777777777777779,8.88888888888889,12.222222222222221
86,7.777777777777779,8.0,0.0,10.777777777777777,7.444444444444445,8.88888888888889,8.88888888888889,13.777777777777779,11.0,8.88888888888889,10.0
87,10.0,11.11111111111111,5.555555555555555,16.666666666666668,9.777777777777777,8.88888888888889,12.222222222222223,10.777777777777779,8.222222222222223,17.666666666666664,12.222222222222223
88,8.88888888888889,15.88888888888889,4.333333333333334,8.88888888888889,15.0,8.88888888888889,8.88888888888889,11.88888888888889,11.222222222222221,12.444444444444443,8.88888888888889
89,11.11111111111111,12.0,18.444444444444443,11.11111111111111,12.0,11.11111111111111,11.11111111111111,15.0,11.555555555555557,11.11111111111111,6.666666666666667
90,8.88888888888889,12.0,10.0,8.88888888888889,15.0,11.11111111111111,11.11111111111111,17.0,7.777777777777779,13.333333333333334,11.11111111111111
91,7.333333333333334,6.0,7.333333333333333,7.333333333333334,15.0,13.333333333333332,13.333333333333332,6.777777777777778,7.444444444444445,11.11111111111111,13.333333333333332
92,13.777777777777777,13.0,5.777777777777778,13.666666666666666,10.0,12.222222222222221,12.222222222222221,9.555555555555555,15.333333333333334,12.222222222222221,12.222222222222221
93,11.11111111111111,10.666666666666666,14.88888888888889,14.444444444444445,16.0,10.0,8.88888888888889,10.88888888888889,11.11111111111111,10.0,10.0
94,8.88888888888889,5.777777777777779,11.11111111111111,10.0,13.0,10.666666666666668,14.444444444444446,7.444444444444444,8.88888888888889,14.444444444444446,12.222222222222221
95,14.444444444444445,10.222222222222221,13.333333333333334,13.333333333333334,15.0,15.0,10.0,15.777777777777779,8.88888888888889,10.0,10.0
96,11.11111111111111,11.0,11.11111111111111,11.11111111111111,19.666666666666668,10.777777777777779,13.333333333333334,11.0,11.11111111111111,13.333333333333334,13.333333333333334
97,15.555555555555555,17.0,15.555555555555555,15.555555555555555,12.222222222222223,15.555555555555554,13.333333333333334,14.666666666666668,15.555555555555555,13.333333333333334,12.222222222222223
98,4.444444444444445,8.11111111111111,7.777777777777778,7.777777777777778,7.777777777777778,18.77777777777778,4.444444444444445,10.0,7.777777777777778,6.666666666666667,7.777777777777778
99,8.88888888888889,8.88888888888889,12.555555555555555,12.222222222222221,8.88888888888889,8.88888888888889,8.88888888888889,13.0,8.88888888888889,8.88888888888889,8.88888888888889
100,15.0,10.0,9.222222222222221,13.0,14.444444444444445,16.666666666666668,16.666666666666668,14.0,14.444444444444443,16.666666666666668,14.444444444444445
101,11.0,18.555555555555557,17.77777777777778,9.88888888888889,18.88888888888889,16.666666666666668,16.666666666666668,12.0,12.222222222222223,13.333333333333332,17.77777777777778
102,8.333333333333332,9.444444444444445,12.111111111111112,17.555555555555557,7.777777777777777,7.777777777777777,7.777777777777777,5.777777777777778,12.11111111111111,7.777777777777777,7.777777777777777
103,10.444444444444445,10.0,9.666666666666668,8.88888888888889,10.444444444444445,8.88888888888889,8.88888888888889,12.0,8.88888888888889,8.88888888888889,8.88888888888889
104,12.444444444444445,11.555555555555555,11.333333333333332,11.11111111111111,12.0,11.11111111111111,11.11111111111111,13.0,7.0,7.777777777777778,12.88888888888889
105,16.22222222222222,13.555555555555555,13.333333333333334,12.222222222222223,16.0,20.0,20.0,16.0,16.333333333333332,11.11111111111111,18.555555555555557
106,12.777777777777779,11.111111111111112,14.333333333333334,20.0,13.0,13.333333333333334,13.333333333333334,14.0,12.222222222222223,10.0,14.444444444444446
107,13.11111111111111,12.222222222222221,11.11111111111111,14.444444444444445,7.111111111111112,13.333333333333334,13.333333333333334,12.0,11.11111111111111,11.11111111111111,13.333333333333334
108,15.777777777777779,13.88888888888889,8.88888888888889,8.88888888888889,13.777777777777779,8.88888888888889,6.666666666666666,14.0,8.88888888888889,8.88888888888889,8.88888888888889
109,16.77777777777778,18.0,13.333333333333332,16.666666666666668,16.77777777777778,18.88888888888889,18.88888888888889,10.0,13.333333333333332,18.88888888888889,14.444444444444445
110,12.88888888888889,14.0,18.77777777777778,18.88888888888889,15.0,16.666666666666664,17.77777777777778,13.88888888888889,14.222222222222223,13.333333333333334,17.77777777777778
111,15.555555555555557,14.0,14.444444444444443,13.333333333333334,15.0,13.333333333333332,12.222222222222221,14.0,10.0,12.222222222222221,12.222222222222221
112,17.77777777777778,18.0,9.777777777777779,15.555555555555557,17.0,15.555555555555557,18.88888888888889,7.555555555555555,12.222222222222221,19.666666666666664,15.555555555555557
113,14.0,13.0,16.555555555555557,13.333333333333334,14.0,18.88888888888889,17.77777777777778,12.0,11.11111111111111,13.0,14.444444444444445
114,14.222222222222221,17.666666666666668,14.333333333333332,13.222222222222221,18.0,7.777777777777778,5.555555555555555,7.777777777777777,11.777777777777777,17.0,7.777777777777778
115,12.88888888888889,14.0,10.0,10.0,16.0,10.0,10.0,10.88888888888889,10.0,14.0,10.0
116,16.0,15.0,11.11111111111111,11.11111111111111,13.0,17.77777777777778,17.77777777777778,15.0,11.444444444444445,21.333333333333336,17.77777777777778
117,16.444444444444443,14.0,17.22222222222222,14.444444444444445,15.0,13.333333333333334,13.333333333333334,10.555555555555555,15.0,13.333333333333334,13.333333333333334
118,11.555555555555555,19.0,18.444444444444443,10.0,18.0,10.0,10.0,16.0,18.333333333333332,10.0,10.0
119,19.11111111111111,15.0,13.11111111111111,12.222222222222223,15.0,12.222222222222223,12.222222222222223,13.0,13.555555555555555,12.222222222222223,12.222222222222223
120,6.666666666666667,14.0,14.0,6.666666666666667,14.0,6.666666666666667,6.666666666666667,13.0,12.555555555555555,12.333333333333334,6.666666666666667
121,11.111111111111112,11.88888888888889,14.777777777777779,11.111111111111112,10.777777777777779,11.111111111111112,11.111111111111112,15.777777777777779,14.333333333333334,17.0,11.111111111111112
122,7.111111111111111,16.666666666666668,15.0,3.3333333333333335,8.88888888888889,3.3333333333333335,3.3333333333333335,16.0,11.0,11.0,3.2222222222222223
123,18.0,11.0,11.0,12.11111111111111,13.444444444444445,11.11111111111111,7.777777777777778,18.0,17.555555555555557,18.0,17.0
124,20.0,19.444444444444443,14.11111111111111,10.777777777777779,14.777777777777779,18.88888888888889,18.88888888888889,13.0,17.22222222222222,18.0,25.0
125,15.555555555555555,14.777777777777779,7.333333333333334,13.555555555555555,16.88888888888889,10.0,14.444444444444445,18.0,13.444444444444445,14.88888888888889,20.0
126,19.444444444444443,10.0,14.88888888888889,15.88888888888889,8.0,12.666666666666668,11.11111111111111,18.0,20.0,10.0,19.0
127,17.11111111111111,14.666666666666668,11.222222222222221,10.777777777777777,18.555555555555557,14.444444444444446,12.222222222222221,16.0,18.555555555555557,15.444444444444445,22.0
128,7.777777777777778,13.0,11.777777777777779,15.444444444444446,12.0,7.777777777777778,7.777777777777778,15.0,17.0,15.0,11.0
129,18.666666666666668,15.88888888888889,11.444444444444445,13.333333333333332,14.0,13.333333333333336,13.333333333333336,21.88888888888889,19.444444444444443,24.0,30.0
130,15.0,18.0,12.0,11.666666666666666,16.0,10.0,10.0,19.0,14.88888888888889,16.0,19.0
131,17.77777777777778,13.0,13.444444444444445,15.0,16.0,7.777777777777779,10.0,16.0,10.0,19.0,16.0
132,5.444444444444445,20.22222222222222,12.666666666666668,14.0,18.0,13.333333333333332,13.333333333333332,17.0,13.333333333333332,18.0,18.0
133,7.777777777777778,14.0,14.555555555555557,14.444444444444445,12.0,14.88888888888889,13.333333333333334,19.0,13.333333333333334,19.0,18.0
134,8.555555555555555,9.0,9.444444444444443,7.777777777777779,11.666666666666668,13.0,15.555555555555555,14.0,15.555555555555555,13.0,15.0
135,22.22222222222222,19.0,19.88888888888889,21.11111111111111,17.77777777777778,15.0,12.222222222222223,21.0,12.222222222222223,21.0,23.11111111111111
136,17.0,17.0,17.77777777777778,13.555555555555555,17.0,21.0,10.0,21.0,13.444444444444445,21.0,10.0
137,19.0,19.0,12.222222222222221,20.0,14.0,19.0,21.111111111111107,19.0,19.0,22.444444444444443,21.111111111111107
138,13.444444444444445,18.0,15.666666666666668,18.0,20.88888888888889,18.0,15.555555555555555,19.0,18.0,15.555555555555555,15.555555555555555
139,21.11111111111111,15.333333333333332,15.555555555555555,22.88888888888889,21.0,18.77777777777778,12.222222222222221,18.0,19.88888888888889,23.11111111111111,21.111111111111114
140,21.11111111111111,21.11111111111111,17.666666666666664,22.0,11.0,17.555555555555554,15.555555555555555,24.0,14.777777777777779,18.0,15.555555555555555
141,11.11111111111111,14.444444444444445,11.0,21.0,9.0,16.555555555555557,12.222222222222223,23.0,17.0,15.0,12.222222222222223
142,13.0,18.0,16.0,14.555555555555555,17.555555555555557,19.0,10.0,20.0,19.0,20.0,10.88888888888889
143,15.0,18.0,15.333333333333332,14.666666666666666,18.0,18.0,13.333333333333334,18.0,17.0,18.0,14.0
144,20.0,20.0,11.777777777777779,23.0,20.0,17.0,12.222222222222223,21.0,15.0,21.0,21.0
145,11.0,11.0,7.777777777777778,13.0,11.0,14.0,7.777777777777778,15.0,11.0,15.0,15.0
146,23.11111111111111,25.77777777777778,17.22222222222222,17.555555555555557,25.88888888888889,26.666666666666664,15.555555555555554,26.0,25.444444444444446,26.0,17.0
147,15.555555555555554,17.0,18.0,13.333333333333332,12.0,19.0,13.333333333333332,16.444444444444443,17.11111111111111,21.0,21.0
148,17.0,19.0,20.0,10.0,19.0,18.0,10.0,16.555555555555557,19.77777777777778,18.555555555555557,18.0
149,8.11111111111111,21.0,19.0,19.0,21.0,19.0,16.333333333333336,19.0,18.0,20.555555555555557,19.0
150,27.333333333333336,19.0,16.0,19.0,17.0,18.0,18.0,18.0,16.0,19.0,18.0
151,7.777777777777778,12.0,19.555555555555554,17.333333333333332,19.0,19.0,19.0,19.0,19.0,19.0,19.0
152,14.444444444444445,22.0,15.444444444444445,14.444444444444445,18.0,20.0,20.0,23.0,19.0,24.0,20.0
153,13.333333333333334,22.0,20.0,13.333333333333334,20.0,24.0,18.0,21.0,19.11111111111111,19.888888888888893,24.0
154,18.444444444444443,23.0,16.88888888888889,17.77777777777778,16.88888888888889,22.0,18.0,8.88888888888889,19.22222222222222,19.0,21.0
155,28.0,21.11111111111111,19.444444444444446,15.555555555555555,20.0,22.0,24.0,19.0,16.666666666666668,19.0,25.0
156,22.0,23.11111111111111,24.555555555555554,16.666666666666664,18.0,23.0,25.0,24.0,27.88888888888889,29.0,31.0
157,22.0,19.0,14.444444444444445,16.666666666666668,13.0,26.0,15.0,19.0,13.0,19.0,19.0
158,15.000000000000002,25.0,26.333333333333336,27.555555555555557,20.0,19.77777777777778,23.88888888888889,26.0,23.88888888888889,27.0,24.0
159,16.666666666666664,19.0,18.444444444444443,24.88888888888889,24.0,22.77777777777778,19.0,16.555555555555554,26.444444444444446,26.0,23.0
160,13.333333333333334,22.88888888888889,26.22222222222222,10.333333333333334,20.0,17.555555555555557,24.0,14.333333333333334,21.88888888888889,20.0,20.0
161,10.0,27.0,20.666666666666668,24.0,24.0,16.22222222222222,27.0,22.333333333333332,25.0,24.0,17.0
162,0.0,18.0,17.0,15.0,17.0,9.333333333333334,18.0,17.0,14.0,19.0,19.0
163,4.444444444444445,23.0,23.0,21.0,23.0,18.0,23.0,23.0,26.0,21.0,21.0
164,7.777777777777778,16.0,16.0,20.0,16.0,16.0,20.0,16.0,11.0,20.0,20.0
165,17.77777777777778,24.0,24.0,25.11111111111111,24.0,24.0,24.0,24.0,27.77777777777778,24.0,24.0
166,17.77777777777778,17.0,18.0,17.666666666666668,24.0,18.0,25.0,20.0,18.88888888888889,22.555555555555554,25.0
167,15.555555555555555,23.0,24.88888888888889,15.555555555555555,24.0,20.88888888888889,26.0,30.0,27.0,15.555555555555555,26.0
168,19.0,23.0,27.666666666666668,15.555555555555557,18.0,26.88888888888889,19.0,21.0,19.0,14.555555555555555,19.0
169,29.0,25.0,21.0,17.777777777777775,26.0,32.0,23.0,29.0,16.0,27.555555555555554,29.0
170,21.0,20.88888888888889,15.444444444444445,11.11111111111111,20.0,21.0,21.0,19.0,19.0,12.444444444444445,21.0
171,18.0,17.0,7.0,14.222222222222221,21.0,18.0,15.0,18.0,20.0,26.666666666666664,18.0
172,21.0,22.0,17.11111111111111,21.0,15.0,21.0,21.0,21.0,21.0,20.444444444444443,21.0
173,20.0,19.0,19.22222222222222,23.0,19.0,20.0,20.0,20.0,18.0,23.11111111111111,23.0
174,19.444444444444443,22.0,22.0,18.0,19.0,21.0,21.0,21.0,23.0,23.11111111111111,18.0
175,22.888888888888886,21.0,21.0,21.0,21.0,23.0,23.0,23.0,15.0,15.11111111111111,25.0
176,25.777777777777775,22.0,21.77777777777778,22.666666666666664,22.0,26.0,26.0,26.0,25.88888888888889,24.0,16.0
177,15.999999999999998,17.0,15.0,20.0,16.0,25.0,18.0,18.0,18.0,14.222222222222221,26.0
178,16.333333333333336,21.555555555555557,28.88888888888889,14.444444444444443,21.88888888888889,20.0,28.0,28.0,21.77777777777778,28.444444444444443,24.0
179,26.88888888888889,25.0,22.22222222222222,12.222222222222223,24.0,22.0,26.0,26.0,20.77777777777778,22.22222222222222,18.0
180,25.77777777777778,23.0,16.555555555555557,16.666666666666668,21.666666666666668,22.0,22.0,22.0,29.0,24.0,22.0
181,30.444444444444443,20.0,28.0,15.555555555555555,22.22222222222222,24.0,24.0,24.0,25.0,25.77777777777778,20.0
182,22.0,22.333333333333336,18.0,10.0,19.555555555555557,18.0,17.0,18.0,18.0,25.77777777777778,18.0
183,20.0,24.888888888888886,20.0,15.222222222222221,21.333333333333336,20.0,21.0,15.0,20.0,22.22222222222222,20.0
184,23.22222222222222,23.999999999999996,22.0,22.0,17.77777777777778,22.0,18.0,22.0,22.0,24.88888888888889,22.0
185,24.0,26.666666666666664,15.0,15.0,28.444444444444443,15.0,15.0,15.0,5.0,22.22222222222222,15.0
186,23.111111111111107,23.11111111111111,23.0,23.0,25.777777777777775,23.0,23.0,23.0,23.0,25.777777777777775,23.0
187,25.77777777777778,25.77777777777778,23.0,23.0,23.11111111111111,23.0,18.0,17.0,23.0,26.666666666666668,23.0
188,17.11111111111111,23.0,23.0,23.0,16.888888888888886,23.0,23.0,23.0,23.0,28.444444444444443,23.0
189,17.0,19.555555555555554,8.0,16.666666666666668,22.22222222222222,17.0,17.0,15.0,15.0,17.77777777777778,17.0
190,20.666666666666668,32.333333333333336,29.0,34.44444444444444,21.333333333333336,28.0,28.0,29.0,29.0,37.333333333333336,28.0
191,27.88888888888889,22.0,19.0,18.0,23.11111111111111,18.0,18.0,19.0,19.0,24.0,18.22222222222222
192,16.666666666666668,22.0,22.0,19.0,14.222222222222221,22.0,22.0,22.0,22.0,26.666666666666664,26.666666666666668
193,5.555555555555555,19.0,18.0,23.88888888888889,26.666666666666664,19.0,19.0,18.0,18.0,20.666666666666664,24.888888888888886
194,9.0,20.0,17.0,21.333333333333336,22.22222222222222,15.0,20.0,24.0,17.0,17.444444444444443,25.77777777777778
195,20.0,23.0,26.0,23.11111111111111,20.444444444444443,23.0,23.0,25.777777777777775,27.0,28.444444444444443,26.666666666666664
196,20.0,10.0,20.0,26.666666666666668,23.11111111111111,19.0,19.0,24.88888888888889,19.0,26.666666666666668,16.0
197,21.0,21.0,21.0,28.444444444444443,24.88888888888889,21.0,21.0,24.888888888888886,21.0,28.444444444444443,29.333333333333332
198,17.0,19.0,17.0,22.444444444444446,21.333333333333332,19.0,19.0,24.88888888888889,19.0,21.333333333333336,24.88888888888889
199,23.0,17.0,23.0,25.0,20.444444444444443,21.0,17.555555555555557,22.222222222222225,21.0,26.666666666666668,26.666666666666664
200,23.22222222222222,23.0,23.0,23.0,26.666666666666664,23.0,30.22222222222222,26.666666666666664,19.0,21.333333333333332,30.22222222222222
201,21.333333333333332,23.0,23.0,23.0,22.22222222222222,23.0,27.555555555555554,24.88888888888889,23.0,32.0,27.555555555555554
202,29.88888888888889,21.0,21.0,21.0,29.333333333333332,21.888888888888886,23.111111111111107,18.444444444444443,21.0,23.11111111111111,23.111111111111107
203,26.0,22.0,22.0,22.0,28.444444444444443,27.555555555555557,29.333333333333332,21.0,22.0,29.333333333333332,29.333333333333332
204,21.0,21.0,21.0,22.0,25.77777777777778,25.666666666666668,28.444444444444443,26.333333333333332,21.0,27.555555555555554,28.444444444444443
205,24.0,25.0,24.0,24.0,22.22222222222222,25.666666666666668,25.777777777777775,16.888888888888886,25.0,22.222222222222218,25.777777777777775
206,21.0,20.0,18.0,17.666666666666668,24.88888888888889,20.0,27.555555555555554,28.444444444444443,21.0,30.22222222222222,27.555555555555554
207,23.0,23.0,23.0,26.666666666666664,24.0,23.0,26.666666666666664,25.0,22.0,24.888888888888893,26.666666666666664
208,12.0,12.0,12.0,17.77777777777778,14.88888888888889,12.0,20.444444444444443,12.0,12.0,20.444444444444443,20.444444444444443
209,32.0,32.77777777777778,32.0,33.77777777777778,22.11111111111111,32.666666666666664,39.111111111111114,33.0,33.0,33.77777777777777,39.111111111111114
210,22.0,24.888888888888886,22.0,25.666666666666664,25.777777777777775,22.222222222222225,28.444444444444443,21.0,21.0,25.777777777777775,27.555555555555554
211,18.0,20.444444444444443,14.0,26.666666666666664,23.444444444444443,28.0,26.666666666666664,18.0,18.0,28.444444444444446,21.333333333333336
212,24.0,25.77777777777778,25.0,32.0,27.444444444444443,16.0,31.11111111111111,28.0,28.0,24.88888888888889,31.11111111111111
213,27.11111111111111,28.444444444444443,26.0,31.555555555555554,23.88888888888889,26.0,30.22222222222222,25.0,26.0,29.333333333333332,33.77777777777778
214,23.11111111111111,27.555555555555554,23.0,27.0,23.11111111111111,24.0,24.888888888888886,25.0,27.0,22.333333333333332,32.0
215,28.11111111111111,24.0,28.0,20.0,24.88888888888889,25.0,30.22222222222222,24.0,21.0,3.888888888888889,30.22222222222222
216,14.0,30.222222222222218,21.0,21.0,23.666666666666664,21.0,27.555555555555554,25.888888888888886,15.0,27.555555555555554,27.555555555555554
217,24.0,24.0,25.555555555555557,20.0,25.666666666666664,24.0,26.666666666666668,26.666666666666668,24.0,28.444444444444443,26.666666666666668
218,21.0,27.333333333333332,27.555555555555554,23.0,22.111111111111107,21.0,27.555555555555554,27.555555555555554,23.0,20.444444444444443,27.555555555555554
219,20.0,29.333333333333332,34.66666666666667,19.555555555555557,23.22222222222222,21.0,34.66666666666667,26.666666666666668,19.0,25.77777777777778,34.66666666666667
220,20.0,28.444444444444443,28.444444444444443,25.77777777777778,21.666666666666668,20.0,28.444444444444443,28.444444444444443,21.0,29.333333333333336,28.444444444444443
221,21.0,24.0,31.111111111111114,21.333333333333336,31.0,28.0,31.111111111111114,31.111111111111114,27.0,29.333333333333332,31.111111111111114
222,29.0,16.88888888888889,30.88888888888889,27.666666666666668,22.0,22.88888888888889,27.555555555555557,27.555555555555557,21.0,24.88888888888889,27.555555555555557
223,20.0,29.999999999999996,22.11111111111111,20.0,27.77777777777778,35.55555555555556,36.44444444444444,36.44444444444444,20.0,24.888888888888886,36.44444444444444
224,23.0,23.111111111111107,27.444444444444443,26.0,23.0,29.333333333333332,29.333333333333332,29.333333333333332,25.0,31.11111111111111,29.333333333333332
225,27.0,30.111111111111114,21.555555555555554,31.0,23.555555555555557,36.44444444444444,35.55555555555556,36.44444444444444,32.0,26.666666666666664,26.77777777777778
226,34.111111111111114,19.555555555555554,15.777777777777779,28.0,31.0,33.77777777777778,31.11111111111111,34.66666666666667,28.0,33.77777777777778,19.555555555555554
227,21.11111111111111,25.555555555555557,31.11111111111111,32.0,23.77777777777778,19.555555555555557,16.0,28.444444444444443,25.0,32.0,32.77777777777778
228,23.11111111111111,25.444444444444446,33.77777777777778,25.0,25.333333333333332,36.44444444444444,6.222222222222222,31.11111111111111,30.0,28.444444444444443,32.888888888888886
229,17.333333333333332,28.22222222222222,32.55555555555556,26.0,25.111111111111107,30.999999999999996,5.333333333333333,29.22222222222222,25.0,28.444444444444443,30.88888888888889
230,18.444444444444446,23.11111111111111,40.0,39.0,27.666666666666668,26.444444444444443,32.0,40.0,35.0,32.888888888888886,43.0
231,17.77777777777778,29.88888888888889,31.77777777777778,22.0,25.444444444444446,34.55555555555556,33.77777777777778,25.77777777777778,20.0,34.77777777777778,23.0
232,24.333333333333332,27.555555555555557,24.22222222222222,24.0,23.444444444444443,28.22222222222222,24.0,23.11111111111111,23.0,18.666666666666668,24.0
233,18.0,24.777777777777775,21.88888888888889,14.0,20.77777777777778,22.11111111111111,24.88888888888889,24.0,15.0,21.333333333333336,14.0
234,26.555555555555557,44.33333333333333,42.0,40.0,33.888888888888886,45.888888888888886,42.333333333333336,38.88888888888889,39.0,43.55555555555556,40.0
235,27.77777777777778,34.66666666666667,26.666666666666668,33.0,23.777777777777775,29.22222222222222,31.11111111111111,35.111111111111114,28.0,28.444444444444443,30.88888888888889
236,13.11111111111111,32.888888888888886,42.888888888888886,25.0,31.333333333333336,32.0,36.22222222222222,35.0,34.0,34.66666666666667,34.66666666666667
237,14.333333333333332,32.88888888888889,26.88888888888889,26.0,22.999999999999996,36.77777777777778,34.55555555555556,25.0,25.0,32.0,25.88888888888889
238,19.11111111111111,35.55555555555556,33.77777777777778,26.0,28.22222222222222,33.55555555555556,16.88888888888889,27.0,27.0,32.88888888888889,26.88888888888889
239,30.11111111111111,33.77777777777777,30.22222222222222,23.0,24.888888888888886,33.77777777777777,31.444444444444443,23.666666666666668,22.0,31.22222222222222,23.0
240,19.222222222222225,29.444444444444443,31.555555555555554,24.0,22.666666666666664,26.666666666666664,24.0,31.11111111111111,25.0,25.0,24.0
241,24.22222222222222,24.88888888888889,32.0,29.0,25.88888888888889,33.66666666666667,29.0,32.111111111111114,29.0,34.0,29.11111111111111
242,30.77777777777778,32.0,23.11111111111111,26.0,27.555555555555557,28.444444444444443,26.0,26.0,24.0,29.333333333333336,26.11111111111111
243,26.0,26.666666666666664,25.77777777777778,22.0,19.444444444444443,29.333333333333332,22.0,23.77777777777778,23.0,25.0,22.11111111111111
244,27.88888888888889,35.55555555555556,35.55555555555556,27.0,30.555555555555554,38.22222222222222,18.0,32.0,14.0,35.66666666666667,26.11111111111111
245,11.777777777777779,32.888888888888886,34.66666666666667,31.0,21.333333333333332,32.888888888888886,32.0,35.55555555555556,27.0,33.0,32.111111111111114
246,27.666666666666668,30.22222222222222,38.22222222222222,31.666666666666664,28.88888888888889,31.11111111111111,30.0,32.888888888888886,26.0,30.333333333333332,30.11111111111111
247,44.44444444444444,33.77777777777778,27.11111111111111,36.44444444444444,28.22222222222222,35.55555555555556,28.0,36.44444444444444,36.0,27.555555555555557,28.11111111111111
248,10.0,24.0,35.77777777777778,23.111111111111114,23.555555555555557,24.888888888888886,26.88888888888889,23.111111111111114,24.0,19.555555555555557,26.11111111111111
249,21.11111111111111,38.55555555555556,33.22222222222222,41.77777777777778,27.11111111111111,23.555555555555557,40.111111111111114,30.22222222222222,36.111111111111114,37.333333333333336,35.111111111111114
250,27.666666666666664,30.22222222222222,30.0,28.444444444444443,21.11111111111111,35.44444444444444,27.555555555555557,28.444444444444443,28.11111111111111,25.777777777777775,17.11111111111111
251,18.22222222222222,31.11111111111111,30.555555555555554,23.888888888888886,18.666666666666668,29.666666666666664,32.0,34.333333333333336,29.11111111111111,34.66666666666667,29.0
252,22.11111111111111,41.77777777777778,31.11111111111111,41.66666666666667,25.777777777777775,31.77777777777778,42.666666666666664,40.0,25.11111111111111,34.66666666666667,31.0
253,31.77777777777778,30.333333333333332,33.77777777777778,36.44444444444444,25.444444444444446,37.11111111111111,34.66666666666667,28.0,29.11111111111111,29.333333333333332,28.0
254,19.0,13.333333333333332,27.0,36.33333333333333,25.666666666666664,29.111111111111114,39.11111111111111,27.0,31.11111111111111,32.888888888888886,26.0
255,23.77777777777778,31.11111111111111,39.88888888888889,36.44444444444444,26.444444444444443,34.111111111111114,32.888888888888886,32.0,33.111111111111114,31.22222222222222,33.0
256,26.88888888888889,28.333333333333336,35.0,36.11111111111111,28.555555555555557,33.888888888888886,42.66666666666667,31.0,31.11111111111111,36.55555555555556,31.11111111111111
257,23.77777777777778,35.22222222222222,24.0,41.66666666666667,26.333333333333332,32.44444444444444,36.55555555555556,28.0,28.11111111111111,35.66666666666667,28.11111111111111
258,26.666666666666668,30.666666666666664,37.22222222222222,38.55555555555556,25.666666666666664,36.44444444444444,43.666666666666664,38.0,35.111111111111114,28.555555555555557,36.111111111111114
259,42.66666666666667,31.11111111111111,35.0,50.55555555555556,34.333333333333336,23.555555555555557,16.88888888888889,32.0,35.111111111111114,24.11111111111111,34.111111111111114
260,25.11111111111111,25.555555555555554,35.0,30.22222222222222,36.44444444444444,23.444444444444443,31.111111111111107,35.0,28.11111111111111,33.888888888888886,35.111111111111114
261,35.111111111111114,40.55555555555556,28.0,44.111111111111114,38.22222222222222,24.333333333333336,46.111111111111114,28.0,28.11111111111111,32.111111111111114,28.11111111111111
262,27.11111111111111,31.11111111111111,34.888888888888886,27.0,39.11111111111111,27.22222222222222,33.77777777777778,27.0,18.11111111111111,22.22222222222222,27.11111111111111
263,22.11111111111111,35.55555555555556,35.55555555555556,33.22222222222222,38.44444444444444,31.444444444444443,28.444444444444446,33.111111111111114,31.11111111111111,30.22222222222222,31.11111111111111
264,26.88888888888889,34.666666666666664,31.11111111111111,33.888888888888886,30.77777777777778,43.66666666666667,38.11111111111111,27.11111111111111,28.11111111111111,29.333333333333332,29.11111111111111
265,27.333333333333336,40.88888888888889,37.55555555555556,39.22222222222222,32.0,35.55555555555556,39.0,35.111111111111114,35.111111111111114,36.44444444444444,34.111111111111114
266,17.77777777777778,25.77777777777778,22.22222222222222,24.0,18.11111111111111,24.77777777777778,29.333333333333332,19.0,20.555555555555557,24.888888888888886,20.0
267,32.22222222222222,42.66666666666667,42.66666666666667,30.22222222222222,42.66666666666667,27.0,41.77777777777778,34.22222222222222,34.22222222222222,38.22222222222222,34.22222222222222
268,25.88888888888889,40.0,40.0,41.77777777777778,40.0,33.0,41.77777777777778,33.111111111111114,32.111111111111114,35.666666666666664,32.111111111111114
269,29.444444444444446,39.22222222222222,39.55555555555556,28.444444444444443,39.11111111111111,36.0,38.22222222222222,37.111111111111114,33.111111111111114,29.444444444444446,36.111111111111114
270,27.0,34.77777777777778,30.22222222222222,45.77777777777778,34.66666666666667,27.0,36.44444444444444,29.11111111111111,31.11111111111111,31.22222222222222,30.22222222222222
271,36.888888888888886,29.333333333333336,33.111111111111114,38.0,41.77777777777778,36.0,41.888888888888886,34.111111111111114,37.111111111111114,34.77777777777778,23.11111111111111
272,25.11111111111111,44.44444444444444,23.0,34.666666666666664,44.55555555555556,33.0,44.55555555555556,32.111111111111114,32.111111111111114,35.66666666666667,33.111111111111114
273,24.666666666666668,37.333333333333336,39.111111111111114,40.0,19.666666666666668,32.111111111111114,37.44444444444444,32.111111111111114,32.111111111111114,33.888888888888886,32.111111111111114
274,29.333333333333336,34.66666666666667,31.11111111111111,32.0,0.1111111111111111,29.11111111111111,26.666666666666668,29.11111111111111,29.11111111111111,26.77777777777778,29.11111111111111
275,13.666666666666668,27.333333333333336,30.111111111111114,16.0,11.555555555555555,26.0,26.444444444444443,23.0,26.0,24.0,26.0
276,31.000000000000004,59.55555555555555,59.55555555555556,27.555555555555554,55.55555555555556,49.22222222222223,55.111111111111114,48.111111111111114,33.22222222222222,42.0,47.22222222222223
277,27.11111111111111,27.555555555555557,16.22222222222222,28.11111111111111,41.0,28.11111111111111,40.0,37.111111111111114,37.111111111111114,21.333333333333336,38.111111111111114
278,23.11111111111111,41.77777777777778,60.55555555555556,37.77777777777778,32.0,32.0,44.44444444444444,33.111111111111114,34.111111111111114,28.444444444444443,35.111111111111114
279,26.666666666666668,40.0,35.77777777777778,41.66666666666667,34.0,34.0,37.33333333333333,31.11111111111111,30.11111111111111,34.66666666666667,28.11111111111111
280,24.22222222222222,39.111111111111114,41.55555555555556,40.0,41.0,41.0,36.44444444444444,41.111111111111114,35.111111111111114,31.222222222222218,35.111111111111114
281,29.333333333333332,40.0,40.22222222222222,44.0,38.0,38.0,43.55555555555556,35.111111111111114,16.555555555555557,31.22222222222222,41.111111111111114
282,30.11111111111111,42.44444444444444,44.111111111111114,48.111111111111114,40.0,40.0,40.888888888888886,46.111111111111114,62.44444444444444,35.666666666666664,38.22222222222222
283,30.77777777777778,46.0,44.11111111111111,34.111111111111114,34.0,34.0,42.666666666666664,34.111111111111114,35.111111111111114,35.666666666666664,37.22222222222222
284,23.0,41.0,40.22222222222222,30.333333333333332,40.0,40.0,38.22222222222223,34.55555555555556,34.111111111111114,32.111111111111114,31.22222222222222
285,18.0,45.0,46.77777777777777,32.88888888888889,45.0,45.0,43.66666666666667,32.333333333333336,43.111111111111114,39.22222222222223,42.22222222222222
286,23.666666666666664,19.88888888888889,40.44444444444444,36.22222222222222,32.111111111111114,32.111111111111114,42.77777777777778,31.444444444444446,37.22222222222222,32.111111111111114,36.22222222222222
287,21.0,22.22222222222222,34.333333333333336,50.55555555555556,35.111111111111114,35.111111111111114,39.22222222222222,32.111111111111114,34.22222222222222,30.333333333333336,40.111111111111114
288,16.666666666666668,41.55555555555556,46.55555555555556,44.44444444444444,41.111111111111114,41.111111111111114,41.888888888888886,41.111111111111114,42.77777777777778,32.11111111111111,33.22222222222222
289,22.22222222222222,41.77777777777778,39.66666666666667,48.888888888888886,44.111111111111114,44.111111111111114,38.333333333333336,42.77777777777778,26.88888888888889,35.66666666666667,29.22222222222222
290,24.0,49.77777777777777,45.44444444444444,55.55555555555556,27.0,39.111111111111114,29.333333333333336,25.22222222222222,34.0,35.666666666666664,40.111111111111114
291,36.22222222222222,42.666666666666664,38.888888888888886,34.11111111111111,38.44444444444444,26.11111111111111,40.0,30.11111111111111,21.22222222222222,35.666666666666664,38.111111111111114
292,28.22222222222222,43.55555555555556,36.77777777777778,39.111111111111114,39.111111111111114,40.111111111111114,41.77777777777778,36.111111111111114,32.111111111111114,18.666666666666664,35.111111111111114
293,24.88888888888889,45.33333333333333,42.66666666666667,44.66666666666667,37.333333333333336,34.111111111111114,40.88888888888889,34.111111111111114,36.44444444444444,31.22222222222222,33.111111111111114
294,17.11111111111111,45.33333333333333,36.88888888888889,42.55555555555555,40.0,39.111111111111114,45.33333333333333,33.111111111111114,23.444444444444443,33.0,33.22222222222222
295,29.22222222222222,44.44444444444444,48.888888888888886,45.55555555555556,41.77777777777777,31.11111111111111,40.0,49.111111111111114,31.0,39.22222222222222,35.111111111111114
296,31.333333333333336,47.111111111111114,39.33333333333333,38.111111111111114,40.55555555555556,28.0,42.0,37.111111111111114,37.111111111111114,34.77777777777778,46.22222222222222
297,34.66666666666667,45.44444444444444,38.22222222222222,40.55555555555556,39.666666666666664,40.0,41.111111111111114,38.111111111111114,23.11111111111111,26.77777777777778,19.22222222222222
298,30.22222222222222,46.33333333333333,47.222222222222214,45.55555555555556,41.88888888888889,42.0,42.111111111111114,41.111111111111114,37.111111111111114,32.0,20.22222222222222
299,26.88888888888889,48.11111111111111,39.77777777777778,39.222222222222214,38.77777777777778,37.0,37.111111111111114,35.111111111111114,37.33333333333333,34.77777777777778,32.77777777777778
300,26.88888888888889,50.66666666666667,43.44444444444444,33.77777777777778,40.55555555555556,48.0,48.111111111111114,40.111111111111114,26.555555555555554,31.22222222222222,30.22222222222222
301,30.222222222222225,34.77777777777778,44.66666666666667,50.55555555555556,39.888888888888886,47.0,47.111111111111114,55.22222222222222,52.777777777777786,37.44444444444444,41.22222222222222
302,21.333333333333332,37.33333333333333,49.22222222222223,48.33333333333333,43.888888888888886,35.111111111111114,35.111111111111114,36.22222222222222,36.111111111111114,32.11111111111111,38.22222222222222
303,21.444444444444446,40.0,34.22222222222222,38.22222222222222,45.0,33.111111111111114,33.111111111111114,36.22222222222222,34.111111111111114,36.55555555555556,36.111111111111114
304,22.555555555555557,42.666666666666664,39.22222222222222,43.55555555555556,34.111111111111114,34.111111111111114,34.111111111111114,36.22222222222222,36.22222222222222,31.111111111111114,36.111111111111114
305,14.666666666666668,39.111111111111114,28.11111111111111,38.22222222222222,31.11111111111111,31.11111111111111,22.0,31.22222222222222,31.22222222222222,35.77777777777778,33.22222222222222
306,19.11111111111111,47.111111111111114,34.11111111111111,42.666666666666664,34.111111111111114,39.666666666666664,34.0,25.0,24.11111111111111,28.666666666666664,34.22222222222222
307,16.88888888888889,34.666666666666664,38.222222222222214,40.111111111111114,31.11111111111111,34.77777777777778,31.0,31.11111111111111,31.11111111111111,37.55555555555556,31.333333333333336
308,17.999999999999996,43.55555555555556,37.55555555555555,35.66666666666667,18.11111111111111,43.66666666666667,30.0,29.11111111111111,30.11111111111111,22.444444444444443,28.333333333333336
309,20.222222222222225,40.888888888888886,42.22222222222222,42.77777777777778,33.0,41.0,33.77777777777778,29.11111111111111,33.111111111111114,19.666666666666668,23.22222222222222
310,19.11111111111111,40.0,38.333333333333336,45.44444444444444,34.0,40.111111111111114,41.888888888888886,39.111111111111114,34.111111111111114,41.888888888888886,35.22222222222222
311,22.444444444444443,36.44444444444444,40.55555555555556,36.55555555555556,33.0,36.55555555555556,39.22222222222222,33.111111111111114,33.111111111111114,35.666666666666664,36.22222222222222
312,18.0,35.66666666666667,32.666666666666664,35.666666666666664,27.0,35.66666666666667,36.55555555555556,27.11111111111111,27.11111111111111,31.22222222222222,28.22222222222222
313,8.0,34.77777777777778,35.66666666666667,35.666666666666664,31.0,27.666666666666664,35.66666666666667,31.11111111111111,31.11111111111111,35.66666666666667,31.22222222222222
314,0.2222222222222222,33.88888888888889,33.888888888888886,33.88888888888889,24.0,33.77777777777778,33.888888888888886,24.11111111111111,24.11111111111111,29.444444444444443,24.22222222222222
315,0.2222222222222222,33.0,31.22222222222222,31.222222222222225,22.0,32.888888888888886,26.333333333333332,20.11111111111111,24.333333333333336,33.0,20.22222222222222
316,0.2222222222222222,21.333333333333336,32.11111111111111,32.11111111111111,25.0,30.22222222222222,25.11111111111111,27.11111111111111,30.333333333333332,29.444444444444443,27.22222222222222
317,0.2222222222222222,36.44444444444444,34.0,36.55555555555556,25.0,36.44444444444444,25.11111111111111,25.22222222222222,33.888888888888886,25.11111111111111,25.22222222222222
318,0.2222222222222222,34.666666666666664,37.55555555555556,34.77777777777778,22.0,28.444444444444443,22.11111111111111,27.555555555555557,37.44444444444444,34.888888888888886,22.22222222222222
319,0.2222222222222222,28.444444444444443,28.666666666666668,28.666666666666664,27.0,27.11111111111111,27.11111111111111,30.444444444444443,28.555555555555557,35.77777777777778,27.22222222222222
320,12.222222222222221,36.44444444444444,35.77777777777778,27.666666666666664,22.77777777777778,34.0,23.11111111111111,21.555555555555554,35.77777777777778,24.22222222222222,23.22222222222222
321,22.333333333333336,33.77777777777778,31.333333333333332,34.66666666666667,30.333333333333332,33.888888888888886,34.111111111111114,41.111111111111114,33.11111111111111,34.0,26.22222222222222
322,15.666666666666666,40.88888888888889,40.22222222222222,41.0,40.0,41.0,28.11111111111111,29.555555555555557,38.44444444444444,32.22222222222222,34.333333333333336
323,12.11111111111111,40.888888888888886,31.111111111111114,40.111111111111114,41.888888888888886,41.0,32.0,44.333333333333336,42.0,34.0,43.333333333333336
324,14.88888888888889,38.22222222222222,33.888888888888886,33.0,33.88888888888889,38.44444444444444,26.0,36.111111111111114,34.0,25.77777777777778,25.333333333333336
325,12.0,43.55555555555556,46.888888888888886,49.888888888888886,41.888888888888886,35.888888888888886,35.0,37.22222222222222,43.77777777777778,34.77777777777778,35.333333333333336
326,27.88888888888889,39.11111111111111,35.333333333333336,36.55555555555556,28.444444444444443,31.11111111111111,31.0,31.22222222222222,39.333333333333336,31.333333333333332,32.333333333333336
327,16.22222222222222,45.333333333333336,44.55555555555556,44.55555555555556,40.0,32.111111111111114,29.0,29.22222222222222,30.444444444444446,34.0,27.333333333333336
328,18.444444444444443,40.111111111111114,40.44444444444444,43.666666666666664,45.333333333333336,32.111111111111114,35.0,34.22222222222222,51.66666666666667,36.66666666666667,35.333333333333336
329,26.11111111111111,41.888888888888886,39.77777777777778,41.888888888888886,41.77777777777778,34.0,39.88888888888889,33.22222222222222,39.888888888888886,35.77777777777778,34.333333333333336
330,28.444444444444446,34.77777777777778,34.0,34.77777777777778,40.888888888888886,34.88888888888889,33.22222222222222,31.333333333333332,29.77777777777778,39.333333333333336,29.333333333333332
331,32.22222222222222,32.88888888888889,43.77777777777778,44.55555555555556,41.77777777777778,44.66666666666667,30.11111111111111,29.333333333333336,41.888888888888886,30.444444444444443,22.333333333333332
332,22.444444444444443,40.88888888888889,38.55555555555556,41.111111111111114,39.111111111111114,35.44444444444444,31.11111111111111,32.333333333333336,38.77777777777777,33.111111111111114,33.22222222222222
333,25.77777777777778,41.77777777777778,40.22222222222222,42.0,42.66666666666667,31.666666666666664,41.111111111111114,32.22222222222222,41.22222222222222,34.888888888888886,33.22222222222222
334,24.666666666666668,42.666666666666664,37.333333333333336,42.888888888888886,39.111111111111114,41.0,41.111111111111114,43.22222222222222,41.22222222222222,34.888888888888886,36.22222222222222
335,26.88888888888889,48.888888888888886,46.888888888888886,34.77777777777778,42.666666666666664,38.0,38.111111111111114,39.22222222222222,38.22222222222222,37.55555555555556,43.333333333333336
336,18.0,48.888888888888886,42.77777777777778,48.888888888888886,42.66666666666667,39.0,39.111111111111114,39.22222222222222,39.22222222222222,34.0,33.333333333333336
337,29.222222222222225,44.44444444444444,40.0,43.55555555555556,39.22222222222222,40.0,40.111111111111114,39.22222222222222,40.22222222222222,31.33333333333333,39.333333333333336
338,24.77777777777778,38.22222222222222,36.666666666666664,39.111111111111114,38.0,30.0,30.11111111111111,31.22222222222222,30.22222222222222,32.22222222222222,34.333333333333336
339,23.666666666666664,42.666666666666664,44.111111111111114,40.888888888888886,38.111111111111114,39.0,39.111111111111114,35.22222222222222,38.22222222222223,24.0,36.333333333333336
340,21.444444444444443,40.0,32.55555555555556,36.44444444444444,40.55555555555555,31.0,30.11111111111111,32.22222222222222,37.55555555555556,27.777777777777775,31.333333333333332
341,17.0,44.55555555555556,42.0,47.22222222222222,37.888888888888886,37.0,38.111111111111114,40.22222222222222,40.22222222222222,38.44444444444444,32.333333333333336
342,21.333333333333336,44.55555555555556,36.66666666666667,46.33333333333333,29.888888888888886,33.0,33.111111111111114,32.22222222222222,41.22222222222223,33.111111111111114,51.333333333333336
343,31.333333333333332,44.55555555555555,43.888888888888886,45.44444444444444,41.333333333333336,39.0,39.22222222222222,40.333333333333336,49.111111111111114,34.0,37.333333333333336
344,21.333333333333332,39.22222222222222,43.111111111111114,39.22222222222222,38.0,31.0,31.22222222222222,31.333333333333336,32.333333333333336,34.0,33.333333333333336
345,22.555555555555557,36.55555555555556,38.44444444444444,35.66666666666667,36.77777777777778,33.111111111111114,33.22222222222222,28.333333333333332,33.55555555555556,30.444444444444443,29.333333333333332
346,22.555555555555554,40.111111111111114,40.22222222222222,38.333333333333336,41.77777777777778,29.11111111111111,29.22222222222222,34.333333333333336,28.444444444444443,34.0,34.333333333333336
347,19.22222222222222,40.111111111111114,38.44444444444444,42.77777777777778,40.66666666666667,32.111111111111114,32.22222222222222,32.333333333333336,40.22222222222222,34.0,32.44444444444444
348,15.88888888888889,33.888888888888886,39.33333333333333,33.888888888888886,40.888888888888886,26.11111111111111,26.22222222222222,26.333333333333336,36.666666666666664,39.888888888888886,25.444444444444443
349,12.555555555555555,36.55555555555556,34.888888888888886,36.55555555555556,40.888888888888886,29.11111111111111,29.22222222222222,26.333333333333336,34.888888888888886,29.22222222222222,30.444444444444443
350,17.0,34.77777777777778,35.77777777777778,34.77777777777778,40.0,28.11111111111111,28.22222222222222,28.22222222222222,35.77777777777778,28.22222222222222,18.333333333333332
351,19.22222222222222,38.33333333333333,38.44444444444444,38.33333333333333,38.333333333333336,33.111111111111114,33.22222222222222,33.333333333333336,38.44444444444444,32.333333333333336,31.333333333333336
352,14.777777777777779,34.0,34.111111111111114,34.0,33.888888888888886,27.11111111111111,27.22222222222222,27.333333333333336,34.0,27.333333333333336,28.333333333333336
353,13.666666666666666,35.77777777777777,35.888888888888886,35.77777777777777,35.66666666666667,24.11111111111111,24.22222222222222,24.333333333333332,35.77777777777778,25.333333333333332,25.333333333333332
354,15.888888888888888,27.666666666666668,34.111111111111114,33.111111111111114,33.888888888888886,25.11111111111111,24.22222222222222,24.333333333333332,34.0,19.0,24.333333333333332
355,20.333333333333336,41.0,42.111111111111114,42.888888888888886,41.888888888888886,32.111111111111114,33.22222222222222,33.333333333333336,42.0,33.22222222222222,33.333333333333336
356,19.11111111111111,31.22222222222222,23.333333333333336,29.555555555555557,30.333333333333332,26.11111111111111,25.22222222222222,24.333333333333332,30.555555555555557,24.22222222222222,24.333333333333332
357,13.666666666666666,36.55555555555556,35.77777777777778,35.77777777777778,35.66666666666667,25.11111111111111,26.333333333333332,26.333333333333332,35.888888888888886,26.22222222222222,26.333333333333332
358,22.555555555555557,36.55555555555556,36.666666666666664,38.44444444444444,36.55555555555556,27.11111111111111,26.333333333333336,27.333333333333336,36.77777777777777,26.22222222222222,25.333333333333332
359,20.333333333333332,38.333333333333336,40.222222222222214,38.44444444444444,40.11111111111111,34.111111111111114,34.333333333333336,29.333333333333332,40.33333333333333,30.22222222222222,30.444444444444443
360,18.11111111111111,29.444444444444443,29.555555555555554,30.444444444444443,29.444444444444443,20.22222222222222,20.333333333333332,25.333333333333332,29.666666666666664,24.22222222222222,24.444444444444443
361,20.333333333333332,42.77777777777778,42.888888888888886,42.888888888888886,42.77777777777778,39.22222222222222,40.333333333333336,38.333333333333336,43.0,33.333333333333336,35.44444444444444
362,20.333333333333336,35.66666666666667,35.77777777777778,34.88888888888889,35.66666666666667,26.22222222222222,26.333333333333332,28.333333333333332,27.0,34.333333333333336,33.44444444444444
363,13.333333333333334,28.444444444444443,28.444444444444446,16.88888888888889,28.444444444444446,26.0,26.0,24.0,28.444444444444446,21.11111111111111,22.0
364,22.88888888888889,47.33333333333333,47.55555555555556,47.55555555555556,47.55555555555556,31.444444444444443,30.666666666666664,31.666666666666664,44.0,45.333333333333336,33.888888888888886
365,23.666666666666664,42.0,40.22222222222222,41.111111111111114,40.22222222222222,36.22222222222222,37.333333333333336,37.44444444444444,37.333333333333336,37.333333333333336,37.44444444444444
366,19.22222222222222,37.55555555555556,38.44444444444444,37.66666666666667,38.44444444444444,29.22222222222222,29.333333333333332,30.444444444444443,32.333333333333336,31.333333333333332,30.444444444444443
367,19.22222222222222,40.22222222222223,41.22222222222223,41.22222222222222,41.111111111111114,22.22222222222222,22.333333333333332,22.444444444444443,41.22222222222223,21.333333333333332,22.444444444444443
368,16.666666666666664,23.111111111111107,23.999999999999996,23.111111111111107,23.999999999999996,20.0,20.0,20.0,23.999999999999996,21.0,20.0
369,26.444444444444446,49.33333333333333,49.55555555555556,49.55555555555556,49.333333333333336,42.44444444444444,42.66666666666667,42.888888888888886,49.55555555555556,42.66666666666667,42.888888888888886
370,16.0,41.11111111111111,37.66666666666667,37.66666666666667,37.55555555555556,35.22222222222222,35.333333333333336,31.444444444444443,37.66666666666667,30.333333333333336,22.0
371,21.555555555555554,35.77777777777778,38.55555555555556,38.55555555555555,38.44444444444444,29.22222222222222,26.444444444444443,24.444444444444443,34.44444444444445,31.333333333333332,31.444444444444443
372,21.11111111111111,37.333333333333336,27.555555555555554,29.333333333333332,27.555555555555554,32.0,33.0,27.0,31.555555555555557,26.0,25.0
373,22.0,49.33333333333333,58.0,57.111111111111114,60.0,49.44444444444444,35.888888888888886,41.888888888888886,46.55555555555556,38.66666666666667,43.888888888888886
374,17.11111111111111,38.44444444444444,30.555555555555557,28.333333333333332,30.555555555555554,38.55555555555556,28.444444444444443,25.444444444444443,29.333333333333332,23.333333333333332,25.444444444444443
375,18.22222222222222,45.55555555555556,35.888888888888886,35.333333333333336,35.0,45.66666666666667,35.44444444444444,37.44444444444444,41.33333333333333,39.44444444444444,30.555555555555557
376,30.666666666666668,41.22222222222223,51.0,31.333333333333332,51.888888888888886,41.22222222222223,31.444444444444443,32.44444444444444,35.55555555555556,30.444444444444443,39.55555555555556
377,33.77777777777778,43.888888888888886,40.44444444444444,33.44444444444444,39.44444444444444,43.888888888888886,33.44444444444444,33.44444444444444,40.0,31.444444444444443,31.555555555555557
378,1.5555555555555556,47.44444444444444,41.33333333333333,34.44444444444444,42.111111111111114,47.44444444444444,34.44444444444444,33.44444444444444,37.88888888888889,35.44444444444444,35.55555555555556
379,0.4444444444444444,40.33333333333333,41.77777777777778,35.44444444444444,39.22222222222222,40.33333333333333,35.44444444444444,30.444444444444443,36.0,30.444444444444443,29.555555555555557
380,0.4444444444444444,45.66666666666667,37.44444444444444,32.44444444444444,37.44444444444444,45.66666666666667,32.44444444444444,37.44444444444444,44.0,35.44444444444444,36.55555555555556
381,0.0,37.333333333333336,26.111111111111107,30.0,22.0,37.333333333333336,28.0,22.0,22.888888888888886,22.0,21.0
382,0.8888888888888888,58.44444444444444,53.99999999999999,50.888888888888886,53.0,58.44444444444444,51.888888888888886,56.44444444444444,48.0,43.888888888888886,51.111111111111114
383,0.4444444444444444,44.777777777777786,40.111111111111114,41.44444444444444,40.22222222222222,44.88888888888889,42.44444444444444,33.77777777777778,41.333333333333336,40.44444444444444,37.888888888888886
384,0.4444444444444444,47.44444444444444,42.33333333333333,33.44444444444444,32.111111111111114,45.77777777777777,35.55555555555556,28.888888888888886,42.33333333333333,32.44444444444444,32.77777777777778
385,0.4444444444444444,44.888888888888886,37.666666666666664,36.666666666666664,35.77777777777778,41.33333333333333,41.55555555555556,37.55555555555556,37.44444444444444,36.44444444444444,37.22222222222222
386,0.4444444444444444,48.333333333333336,35.55555555555556,42.22222222222222,35.44444444444444,41.55555555555556,36.111111111111114,31.222222222222225,31.444444444444443,33.44444444444444,27.22222222222222
387,0.4444444444444444,52.88888888888889,51.888888888888886,59.44444444444444,47.0,49.33333333333333,31.666666666666668,40.55555555555556,58.44444444444444,39.55555555555556,32.77777777777778
388,0.4444444444444444,50.22222222222222,54.111111111111114,21.11111111111111,48.44444444444444,51.666666666666664,25.0,44.33333333333333,37.888888888888886,22.555555555555557,24.444444444444443
389,0.4444444444444444,42.22222222222222,42.0,0.5555555555555556,44.0,50.888888888888886,16.111111111111114,27.666666666666664,29.22222222222222,0.5555555555555556,30.666666666666664
