TS,day,CASH,BALANCE,DEBT,INT_D,INT_I,INV,REVENUE
2016-04-07 10:12:02.569018,30,118562.0,,,,,,118004.0
2016-04-07 10:18:02.661678,30,118562.0,,,,,,118004.0
2016-04-07 10:24:02.570915,30,118562.0,,,,,,118004.0
2016-04-07 10:30:01.895078,30,118562.0,,,,,,118004.0
2016-04-07 10:36:01.806905,30,118562.0,,,,,,118004.0
2016-04-07 10:42:02.169181,30,118562.0,,,,,,118004.0
2016-04-07 10:48:02.063151,30,118562.0,,,,,,118004.0
2016-04-07 10:54:02.434061,30,118562.0,,,,,,118004.0
2016-04-07 11:00:02.498414,30,118562.0,,,,,,118004.0
2016-04-07 11:03:19.108656,30,121535.0,,,,,,120977.0
2016-04-07 11:04:02.272647,30,121535.0,,,,,,120977.0
2016-04-07 11:05:32.712072,30,122535.0,,,,,,121977.0
2016-04-07 11:08:02.253658,30,123535.0,,,,,,122977.0
2016-04-07 11:12:02.206785,30,126384.0,,,,,,125794.0
2016-04-07 11:15:01.870420,31,128384.0,,,,,,127794.0
2016-04-07 11:18:01.772587,31,128384.0,,,,,,127794.0
2016-04-07 11:21:01.725441,31,131382.0,,,,,,130791.0
2016-04-07 11:24:02.736943,31,133416.0,,,,,,132791.0
2016-04-07 11:27:02.156536,32,136416.0,,,,,,135791.0
2016-04-07 11:30:02.117793,32,137416.0,,,,,,136791.0
2016-04-07 11:33:02.019631,32,88416.0,,,,,,137791.0
2016-04-07 11:36:07.063951,33,88449.0,,,,,,137791.0
2016-04-07 11:39:02.072897,33,89360.0,,,,,,138703.0
2016-04-07 11:42:01.955843,33,92784.0,,,,,,142126.0
2016-04-07 11:45:01.935501,33,94479.0,,,,,,143822.0
2016-04-07 11:48:01.908199,33,95081.0,,,,,,144399.0
2016-04-07 11:51:02.030617,34,95081.0,,,,,,144399.0
2016-04-07 11:54:02.037078,34,96213.0,,,,,,145532.0
2016-04-07 11:57:02.306497,34,96213.0,,,,,,145532.0
2016-04-07 12:00:02.147163,34,96490.0,,,,,,145783.0
2016-04-07 12:03:02.224001,35,97602.0,,,,,,146896.0
2016-04-07 12:06:01.943669,35,97602.0,,,,,,146896.0
2016-04-07 12:09:01.784784,35,97688.0,,,,,,146982.0
2016-04-07 12:12:02.596194,35,98012.0,,,,,,147280.0
2016-04-07 12:15:02.660075,36,98093.0,,,,,,147361.0
2016-04-07 12:18:02.563075,36,98116.0,,,,,,147384.0
2016-04-07 12:21:02.509651,36,98116.0,,,,,,147384.0
2016-04-07 12:24:02.326874,36,98141.0,,,,,,147384.0
2016-04-07 12:27:02.622591,37,98141.0,,,,,,147384.0
2016-04-07 12:30:02.433846,37,98141.0,,,,,,147384.0
2016-04-07 12:33:02.250629,37,98141.0,,,,,,147384.0
2016-04-07 12:36:02.014309,37,98167.0,,,,,,147384.0
2016-04-07 12:39:02.330346,38,98167.0,,,,,,147384.0
2016-04-07 12:42:02.132069,38,98167.0,,,,,,147384.0
2016-04-07 12:44:58.161792,38,98167.0,,,,,,147384.0
2016-04-07 12:45:02.168263,38,98167.0,,,,,,147384.0
2016-04-07 12:48:02.061274,38,98192.0,,,,,,147384.0
2016-04-07 12:51:02.358950,39,98192.0,,,,,,147384.0
2016-04-07 12:54:02.160357,39,98192.0,,,,,,147384.0
2016-04-07 12:57:01.978685,39,98192.0,,,,,,147384.0
2016-04-07 13:00:02.120896,39,99218.0,,,,,,148384.0
2016-04-07 13:03:02.628020,40,99218.0,,,,,,148384.0
2016-04-07 13:06:02.383657,40,99218.0,,,,,,148384.0
2016-04-07 13:09:02.192022,40,99218.0,,,,,,148384.0
2016-04-07 13:12:02.026503,40,100244.0,,,,,,149384.0
2016-04-07 13:15:02.569339,41,102244.0,,,,,,151384.0
2016-04-07 13:18:02.328780,41,102244.0,,,,,,151384.0
2016-04-07 13:21:02.110173,41,102244.0,,,,,,151384.0
2016-04-07 13:24:01.863734,41,104271.0,,,,,,153384.0
2016-04-07 13:27:02.132303,42,105271.0,,,,,,154384.0
2016-04-07 13:30:01.950561,42,106271.0,,,,,,155384.0
2016-04-07 13:33:01.773468,42,33271.0,,,,,,155384.0
2016-04-07 13:36:02.700160,42,36290.0,,,,,,158384.0
2016-04-07 13:39:02.684423,43,38290.0,,,,,,160384.0
2016-04-07 13:42:02.591038,43,40290.0,,,,,,162384.0
2016-04-07 13:45:02.390583,43,42290.0,,,,,,164384.0
2016-04-07 13:48:02.213936,43,44300.0,,,,,,166384.0
2016-04-07 13:51:02.541209,44,47300.0,,,,,,169384.0
2016-04-07 13:54:02.303868,44,49300.0,,,,,,171384.0
2016-04-07 13:57:02.083568,44,51300.0,,,,,,173384.0
2016-04-07 14:00:01.993000,44,52313.0,,,,,,174384.0
2016-04-07 14:03:02.054233,45,53313.0,,,,,,175384.0
2016-04-07 14:06:01.867815,45,56313.0,,,,,,178384.0
2016-04-07 14:09:02.593712,45,57313.0,,,,,,179384.0
2016-04-07 14:12:02.386371,45,8327.0,,,,,,180384.0
2016-04-07 14:15:02.415690,46,9327.0,,,,,,181384.0
2016-04-07 14:18:02.182120,46,11327.0,,,,,,183384.0
2016-04-07 14:21:01.929368,46,14327.0,,,,,,186384.0
2016-04-07 14:24:02.713679,46,15330.0,,,,,,187384.0
2016-04-07 14:27:01.866582,47,17330.0,,,,,,189384.0
2016-04-07 14:30:02.666747,47,20330.0,,,,,,192384.0
2016-04-07 14:33:02.467521,47,22330.0,,,,,,194384.0
2016-04-07 14:36:02.277477,47,23335.0,,,,,,195384.0
2016-04-07 14:39:02.325873,48,26335.0,,,,,,198384.0
2016-04-07 14:42:02.132597,48,27335.0,,,,,,199384.0
2016-04-07 14:45:02.063368,48,30335.0,,,,,,202384.0
2016-04-07 14:48:01.864344,48,32343.0,,,,,,204384.0
2016-04-07 14:51:02.262667,49,33343.0,,,,,,205384.0
2016-04-07 14:54:02.014081,49,34343.0,,,,,,206384.0
2016-04-07 14:57:01.764132,49,37343.0,,,,,,209384.0
2016-04-07 15:00:02.581886,49,39352.0,,,,,,211384.0
2016-04-07 15:03:02.720481,50,41352.0,,,,,,213384.0
2016-04-07 15:06:02.664748,50,41352.0,,,,,,213384.0
2016-04-07 15:09:02.406386,50,45352.0,,,,,,217384.0
2016-04-07 15:12:02.338487,50,48363.0,,,,,,220384.0
2016-04-07 15:15:02.607041,51,50363.0,,,,,,222384.0
2016-04-07 15:18:02.420674,51,51363.0,,,,,,223384.0
2016-04-07 15:21:02.270237,51,53363.0,,,,,,225384.0
2016-04-07 15:24:02.041565,51,55376.0,,,,,,227384.0
2016-04-07 15:27:02.351993,52,56376.0,,,,,,228384.0
2016-04-07 15:30:02.172283,52,57376.0,,,,,,229384.0
2016-04-07 15:33:01.977574,52,62376.0,,,,,,234384.0
2016-04-07 15:36:01.791995,52,64392.0,,,,,,236384.0
2016-04-07 15:39:02.127512,53,67392.0,,,,,,239384.0
2016-04-07 15:42:01.872320,53,69392.0,,,,,,241384.0
2016-04-07 15:45:02.618479,53,72392.0,,,,,,244384.0
2016-04-07 15:48:02.534792,53,74410.0,,,,,,246384.0
2016-04-07 15:51:02.586272,54,75410.0,,,,,,247384.0
2016-04-07 15:54:02.322166,54,76410.0,,,,,,248384.0
2016-04-07 15:57:02.077524,54,76410.0,,,,,,248384.0
2016-04-07 16:00:01.910182,54,80429.0,,,,,,252384.0
2016-04-07 16:03:02.000859,55,82429.0,,,,,,254384.0
2016-04-07 16:06:01.766842,55,83334.0,,,,,,255288.0
2016-04-07 16:09:02.552498,55,87985.0,,,,,,259940.0
2016-04-07 16:12:02.351230,55,89007.0,,,,,,260940.0
2016-04-07 16:15:02.533672,56,90007.0,,,,,,261940.0
2016-04-07 16:18:02.307793,56,90007.0,,,,,,261940.0
2016-04-07 16:21:02.108776,56,90007.0,,,,,,261940.0
2016-04-07 16:24:01.958915,56,90031.0,,,,,,261940.0
2016-04-07 16:27:01.770097,57,90031.0,,,,,,261940.0
2016-04-07 16:30:02.536783,57,90031.0,,,,,,261940.0
2016-04-07 16:33:02.363947,57,1431.0,,,,,,261940.0
2016-04-07 16:36:02.125598,57,4144.0,,,,,,264640.0
2016-04-07 16:39:02.279560,58,5944.0,,,,,,266440.0
2016-04-07 16:42:02.015436,58,9275.0,,,,,,269770.0
2016-04-07 16:45:01.771603,58,12651.0,,,,,,273147.0
2016-04-07 16:48:02.599015,58,16100.0,,,,,,276594.0
2016-04-07 16:51:02.407768,59,17900.0,,,,,,278394.0
2016-04-07 16:54:02.157745,59,18699.0,,,,,,279192.0
2016-04-07 16:57:01.914603,59,21906.0,,,,,,282399.0
2016-04-07 17:00:02.654061,59,23478.0,,,,,,283966.0
2016-04-07 17:03:01.890054,60,25428.0,,,,,,285916.0
2016-04-07 17:06:02.648090,60,27394.0,,,,,,287882.0
2016-04-07 17:09:02.411421,60,29036.0,,,,,,289525.0
2016-04-07 17:12:02.313046,60,29043.0,,,,,,289525.0
2016-04-07 17:15:02.420677,61,30073.0,,,,,,290554.0
2016-04-07 17:18:02.246572,61,34286.0,,,,,,294767.0
2016-04-07 17:21:02.019038,61,36154.0,,,,,,296636.0
2016-04-07 17:24:01.942238,61,38163.0,,,,,,298636.0
2016-04-07 17:27:02.380151,62,44028.0,,,,,,304501.0
2016-04-07 17:30:02.105571,62,46028.0,,,,,,306501.0
2016-04-07 17:33:02.031728,62,48028.0,,,,,,308501.0
2016-04-07 17:36:01.841350,62,50040.0,,,,,,310501.0
2016-04-07 17:39:02.155742,63,52040.0,,,,,,312501.0
2016-04-07 17:42:01.924842,63,56040.0,,,,,,316501.0
2016-04-07 17:45:02.684001,63,57040.0,,,,,,317501.0
2016-04-07 17:48:02.505417,63,58054.0,,,,,,318501.0
2016-04-07 17:51:02.004413,64,60054.0,,,,,,320501.0
2016-04-07 17:54:01.775774,64,61054.0,,,,,,321501.0
2016-04-07 17:57:02.529936,64,64054.0,,,,,,324501.0
2016-04-07 18:00:02.286166,64,67070.0,,,,,,327501.0
2016-04-07 18:03:02.459351,65,70070.0,,,,,,330501.0
2016-04-07 18:06:02.220648,65,71070.0,,,,,,331501.0
2016-04-07 18:09:01.976875,65,74070.0,,,,,,334501.0
2016-04-07 18:12:01.757410,65,78089.0,,,,,,338501.0
2016-04-07 18:15:02.432096,66,83089.0,,,,,,343501.0
2016-04-07 18:18:02.443566,66,84089.0,,,,,,344501.0
2016-04-07 18:21:02.760867,66,85089.0,,,,,,345501.0
2016-04-07 18:24:02.592504,66,89110.0,,,,,,349501.0
2016-04-07 18:27:02.599972,67,92110.0,,,,,,352501.0
2016-04-07 18:30:02.609722,67,95110.0,,,,,,355501.0
2016-04-07 18:33:02.372082,67,96110.0,,,,,,356501.0
2016-04-07 18:36:02.159587,67,96135.0,,,,,,356501.0
2016-04-07 18:39:02.434189,68,96135.0,,,,,,356501.0
2016-04-07 18:42:02.264604,68,103135.0,,,,,,363501.0
2016-04-07 18:45:02.011903,68,104135.0,,,,,,364501.0
2016-04-07 18:48:02.083686,68,105161.0,,,,,,365501.0
2016-04-07 18:51:02.334662,69,106161.0,,,,,,366501.0
2016-04-07 18:54:02.087680,69,109161.0,,,,,,369501.0
2016-04-07 18:57:01.874627,69,112161.0,,,,,,372501.0
2016-04-07 19:00:02.711418,69,112189.0,,,,,,372501.0
2016-04-07 19:03:02.082465,70,112189.0,,,,,,372501.0
2016-04-07 19:06:01.876359,70,112189.0,,,,,,372501.0
2016-04-07 19:09:02.899639,70,112189.0,,,,,,372501.0
2016-04-07 19:12:02.740865,70,112219.0,,,,,,372501.0
2016-04-07 19:15:02.588836,71,112219.0,,,,,,372501.0
2016-04-07 19:18:02.360327,71,112219.0,,,,,,372501.0
2016-04-07 19:21:02.158082,71,112219.0,,,,,,372501.0
2016-04-07 19:24:05.541492,71,112248.0,,,,,,372501.0
2016-04-07 19:27:02.492155,72,112248.0,,,,,,372501.0
2016-04-07 19:30:02.240806,72,112248.0,,,,,,372501.0
2016-04-07 19:33:01.959381,72,248.0,,,,,,372501.0
2016-04-07 19:36:02.719626,72,5264.0,,,,,,377501.0
2016-04-07 19:39:01.907265,73,5264.0,,,,,,377501.0
2016-04-07 19:42:02.627014,73,8264.0,,,,,,380501.0
2016-04-07 19:45:02.449885,73,14264.0,,,,,,386501.0
2016-04-07 19:48:02.419734,73,15267.0,,,,,,387501.0
2016-04-07 19:51:01.823394,74,19267.0,,,,,,391501.0
2016-04-07 19:54:02.806047,74,22267.0,,,,,,394501.0
2016-04-07 19:57:02.560955,74,24267.0,,,,,,396501.0
2016-04-07 20:00:02.343829,74,26272.0,,,,,,398501.0
2016-04-07 20:03:01.715313,75,27272.0,,,,,,399501.0
2016-04-07 20:06:02.480491,75,29272.0,,,,,,401501.0
2016-04-07 20:09:02.229038,75,32272.0,,,,,,404501.0
2016-04-07 20:12:07.431448,76,33280.0,,,,,,405501.0
2016-04-07 20:15:02.181615,76,35280.0,,,,,,407501.0
2016-04-07 20:18:01.954490,76,38280.0,,,,,,410501.0
2016-04-07 20:21:02.748748,76,40280.0,,,,,,412501.0
2016-04-07 20:24:02.537431,76,42290.0,,,,,,414501.0
2016-04-07 20:27:01.750369,77,45290.0,,,,,,417501.0
2016-04-07 20:30:02.510978,77,49290.0,,,,,,421501.0
2016-04-07 20:33:02.446383,77,50290.0,,,,,,422501.0
2016-04-07 20:36:02.236008,77,53302.0,,,,,,425501.0
2016-04-07 20:39:02.495689,78,56302.0,,,,,,428501.0
2016-04-07 20:42:02.384796,78,59302.0,,,,,,431501.0
2016-04-07 20:45:02.160738,78,60302.0,,,,,,432501.0
2016-04-07 20:48:02.349530,78,65317.0,,,,,,437501.0
2016-04-07 20:51:02.377236,79,68317.0,,,,,,440501.0
2016-04-07 20:54:02.118442,79,69317.0,,,,,,441501.0
2016-04-07 20:57:01.882385,79,71317.0,,,,,,443501.0
2016-04-07 21:00:02.714193,79,73335.0,,,,,,445501.0
2016-04-07 21:03:02.627804,80,75335.0,,,,,,447501.0
2016-04-07 21:06:02.396371,80,79335.0,,,,,,451501.0
2016-04-07 21:09:02.189485,80,82335.0,,,,,,454501.0
2016-04-07 21:12:01.996364,80,84356.0,,,,,,456501.0
2016-04-07 21:15:01.989765,81,86356.0,,,,,,458501.0
2016-04-07 21:18:02.230310,81,88356.0,,,,,,460501.0
2016-04-07 21:21:02.008440,81,91356.0,,,,,,463501.0
2016-04-07 21:24:01.822816,81,94379.0,,,,,,466501.0
2016-04-07 21:27:02.460840,82,96379.0,,,,,,468501.0
2016-04-07 21:30:02.206338,82,100379.0,,,,,,472501.0
2016-04-07 21:33:02.231120,82,103379.0,,,,,,475501.0
2016-04-07 21:36:02.454359,83,106405.0,,,,,,478501.0
2016-04-07 21:39:02.630967,83,106405.0,,,,,,478501.0
2016-04-07 21:42:02.440486,83,109405.0,,,,,,481501.0
2016-04-07 21:45:02.221473,83,113405.0,,,,,,485501.0
2016-04-07 21:48:02.012208,83,116433.0,,,,,,488501.0
2016-04-07 21:51:02.389971,84,116433.0,,,,,,488501.0
2016-04-07 21:54:02.182694,84,119433.0,,,,,,491501.0
2016-04-07 21:56:40.238005,84,119433.0,,,,,,491501.0
2016-04-07 21:57:01.926869,84,119433.0,,,,,,491501.0
2016-04-07 21:57:40.261859,84,119433.0,,,,,,491501.0
2016-04-07 22:00:01.991552,84,122464.0,,,,,,494501.0
2016-04-07 22:03:02.271524,85,124464.0,,,,,,496501.0
2016-04-07 22:06:02.216410,85,127464.0,,,,,,499501.0
2016-04-07 22:09:02.091629,85,130464.0,,,,,,502501.0
2016-04-07 22:12:02.133819,85,133498.0,,,,,,505501.0
2016-04-07 22:15:01.954831,86,134498.0,,,,,,506501.0
2016-04-07 22:18:01.907843,86,137498.0,,,,,,509501.0
2016-04-07 22:21:01.855781,86,140498.0,,,,,,512501.0
2016-04-07 22:24:01.892003,86,140533.0,,,,,,512501.0
2016-04-07 22:27:02.564963,87,142533.0,,,,,,514501.0
2016-04-07 22:30:02.712658,87,145533.0,,,,,,517501.0
2016-04-07 22:33:01.737271,87,145533.0,,,,,,517501.0
2016-04-07 22:36:02.542530,87,149571.0,,,,,,521501.0
2016-04-07 22:39:02.154637,88,10571.0,,,,,,521501.0
2016-04-07 22:42:01.911802,88,12571.0,,,,,,523501.0
2016-04-07 22:45:02.673935,88,17571.0,,,,,,528501.0
2016-04-07 22:48:02.509208,88,18583.0,,,,,,529501.0
2016-04-07 22:51:01.969803,89,19583.0,,,,,,530501.0
2016-04-07 22:54:02.691430,89,23583.0,,,,,,534501.0
2016-04-07 22:57:02.443724,89,25583.0,,,,,,536501.0
2016-04-07 23:00:02.269157,89,28589.0,,,,,,539501.0
2016-04-07 23:03:02.480256,90,29589.0,,,,,,540501.0
2016-04-07 23:06:02.230355,90,31589.0,,,,,,542501.0
2016-04-07 23:09:02.064709,90,34589.0,,,,,,545501.0
2016-04-07 23:12:01.879551,90,36597.0,,,,,,547501.0
2016-04-07 23:15:02.059659,91,39597.0,,,,,,550501.0
2016-04-07 23:18:01.811124,91,40597.0,,,,,,551501.0
2016-04-07 23:21:02.582570,91,41503.0,,,,,,552407.0
2016-04-07 23:24:02.384804,91,43247.0,,,,,,554140.0
2016-04-07 23:27:02.539688,92,44132.0,,,,,,555025.0
2016-04-07 23:30:02.337804,92,45491.0,,,,,,556384.0
2016-04-07 23:33:02.069914,92,51850.0,,,,,,562744.0
2016-04-07 23:36:01.868157,92,55863.0,,,,,,566744.0
2016-04-07 23:39:02.024827,93,57863.0,,,,,,568744.0
2016-04-07 23:42:01.773434,93,60863.0,,,,,,571744.0
2016-04-07 23:45:02.530812,93,63863.0,,,,,,574744.0
2016-04-07 23:48:02.323197,93,65878.0,,,,,,576744.0
2016-04-07 23:51:02.502558,94,67878.0,,,,,,578744.0
2016-04-07 23:54:02.522512,94,68878.0,,,,,,579744.0
2016-04-07 23:57:02.276582,94,71878.0,,,,,,582744.0
2016-04-08 00:00:02.026802,94,73896.0,,,,,,584744.0
2016-04-08 00:03:02.200171,95,78896.0,,,,,,589744.0
2016-04-08 00:06:01.934267,95,82896.0,,,,,,593744.0
2016-04-08 00:09:02.686344,95,85896.0,,,,,,596744.0
2016-04-08 00:12:02.482017,95,86918.0,,,,,,597744.0
2016-04-08 00:13:20.864148,96,87918.0,,,,,,598744.0
2016-04-08 00:15:02.712065,96,89918.0,,,,,,600744.0
2016-04-08 00:16:00.753878,96,89918.0,,,,,,600744.0
2016-04-08 00:18:01.826551,96,92918.0,,,,,,603744.0
2016-04-08 00:21:02.260232,96,94918.0,,,,,,605744.0
2016-04-08 00:24:02.372007,96,96942.0,,,,,,607744.0
2016-04-08 00:27:02.542518,97,102942.0,,,,,,613744.0
2016-04-08 00:30:02.538291,97,104942.0,,,,,,615744.0
2016-04-08 00:33:02.481207,97,106942.0,,,,,,617744.0
2016-04-08 00:36:01.837045,97,110969.0,,,,,,621744.0
2016-04-08 00:39:01.798679,98,63969.0,,,,,,624744.0
2016-04-08 00:42:01.791398,98,65969.0,,,,,,626744.0
2016-04-08 00:45:01.735793,98,65969.0,,,,,,626744.0
2016-04-08 00:48:02.658616,98,67987.0,,,,,,628744.0
2016-04-08 00:51:02.674804,99,68987.0,,,,,,629744.0
2016-04-08 00:54:02.667723,99,70987.0,,,,,,631744.0
2016-04-08 00:57:02.667993,99,73987.0,,,,,,634744.0
2016-04-08 01:00:02.289304,99,76005.0,,,,,,636744.0
2016-04-08 01:03:02.300954,100,78005.0,,,,,,638744.0
2016-04-08 01:06:02.300025,100,81005.0,,,,,,641744.0
2016-04-08 01:09:02.263968,100,82005.0,,,,,,642744.0
2016-04-08 01:12:02.233564,100,89526.0,,,,,,650244.0
2016-04-08 01:15:02.340589,101,93126.0,,,,,,653844.0
2016-04-08 01:15:03.920167,101,93126.0,,,,,,653844.0
2016-04-08 01:18:02.491879,101,94026.0,,,,,,654744.0
2016-04-08 01:18:04.077621,101,94026.0,,,,,,654744.0
2016-04-08 01:21:02.588526,101,95826.0,,,,,,656544.0
2016-04-08 01:21:04.153183,101,95826.0,,,,,,656544.0
2016-04-08 01:24:02.803120,101,99451.0,,,,,,660144.0
2016-04-08 01:24:04.418340,102,99451.0,,,,,,660144.0
2016-04-08 01:27:02.011451,102,101251.0,,,,,,661944.0
2016-04-08 01:27:03.597688,102,101251.0,,,,,,661944.0
2016-04-08 01:30:01.867621,102,102001.0,,,,,,662694.0
2016-04-08 01:30:03.495244,102,102001.0,,,,,,662694.0
2016-04-08 01:33:02.042560,102,103894.0,,,,,,664587.0
2016-04-08 01:33:03.614899,102,103894.0,,,,,,664587.0
2016-04-08 01:36:02.182988,102,107180.0,,,,,,667846.0
2016-04-08 01:36:03.777835,103,107180.0,,,,,,667846.0
2016-04-08 01:39:02.312718,103,111254.0,,,,,,671920.0
2016-04-08 01:39:03.904854,103,111254.0,,,,,,671920.0
2016-04-08 01:40:17.271857,103,113054.0,,,,,,673720.0
2016-04-08 01:40:18.815190,103,113054.0,,,,,,673720.0
2016-04-08 01:42:02.518951,103,113954.0,,,,,,674620.0
2016-04-08 01:42:04.119968,103,114854.0,,,,,,675520.0
2016-04-08 01:45:01.738686,103,3154.0,,,,,,678220.0
2016-04-08 01:48:02.689717,103,5876.0,,,,,,680920.0
2016-04-08 01:51:02.028285,104,8576.0,,,,,,683620.0
2016-04-08 01:54:01.977971,104,10376.0,,,,,,685420.0
2016-04-08 01:57:02.013722,104,12924.0,,,,,,687967.0
2016-04-08 02:00:01.952003,104,17219.0,,,,,,692260.0
2016-04-08 02:03:01.970776,105,20096.0,,,,,,695137.0
2016-04-08 02:06:02.244099,105,22896.0,,,,,,697937.0
2016-04-08 02:09:02.270901,105,26896.0,,,,,,701937.0
2016-04-08 02:12:02.470978,105,31902.0,,,,,,706937.0
2016-04-08 02:15:02.644028,106,32902.0,,,,,,707937.0
2016-04-08 02:18:02.746976,106,33849.0,,,,,,708885.0
2016-04-08 02:21:02.647997,106,39710.0,,,,,,714745.0
2016-04-08 02:24:02.711359,106,43519.0,,,,,,718545.0
2016-04-08 02:27:02.685859,107,46319.0,,,,,,721345.0
2016-04-08 02:30:02.590220,107,48319.0,,,,,,723345.0
2016-04-08 02:32:37.632431,107,53319.0,,,,,,728345.0
2016-04-08 02:33:02.591564,107,53319.0,,,,,,728345.0
2016-04-08 02:36:01.955451,107,55332.0,,,,,,730345.0
2016-04-08 02:39:02.208060,108,8932.0,,,,,,733945.0
2016-04-08 02:42:02.377074,108,12355.0,,,,,,737368.0
2016-04-08 02:45:02.525991,108,21355.0,,,,,,746368.0
2016-04-08 02:48:01.793993,108,23161.0,,,,,,748168.0
2016-04-08 02:51:02.020078,109,26761.0,,,,,,751768.0
2016-04-08 02:54:01.765842,109,31261.0,,,,,,756268.0
2016-04-08 02:57:01.949793,109,34661.0,,,,,,759668.0
2016-04-08 03:00:02.206529,109,38269.0,,,,,,763268.0
2016-04-08 03:03:01.872179,110,40069.0,,,,,,765068.0
2016-04-08 03:06:02.444479,110,44569.0,,,,,,769568.0
2016-04-08 03:09:02.367938,110,48969.0,,,,,,773968.0
2016-04-08 03:12:02.079861,110,49880.0,,,,,,774868.0
2016-04-08 03:15:02.716440,111,55106.0,,,,,,780094.0
2016-04-08 03:18:02.292081,111,58706.0,,,,,,783694.0
2016-04-08 03:21:01.902416,111,62302.0,,,,,,787291.0
2016-04-08 03:24:02.455929,111,64099.0,,,,,,789072.0
2016-04-08 03:27:02.039207,112,66799.0,,,,,,791772.0
2016-04-08 03:30:02.548902,112,71299.0,,,,,,796272.0
2016-04-08 03:33:02.096033,112,73042.0,,,,,,798015.0
2016-04-08 03:36:02.733121,112,80142.0,,,,,,805096.0
2016-04-08 03:39:02.418722,113,83742.0,,,,,,808696.0
2016-04-08 03:42:02.043591,113,86442.0,,,,,,811396.0
2016-04-08 03:45:02.624144,113,89142.0,,,,,,814096.0
2016-04-08 03:48:02.182895,113,92764.0,,,,,,817696.0
2016-04-08 03:51:01.776008,114,94376.0,,,,,,819308.0
2016-04-08 03:54:02.296002,114,100243.0,,,,,,825175.0
2016-04-08 03:57:01.828925,114,103843.0,,,,,,828775.0
2016-04-08 04:00:02.382864,114,105669.0,,,,,,830575.0
2016-04-08 04:03:02.023838,115,110169.0,,,,,,835075.0
2016-04-08 04:06:02.629718,115,111969.0,,,,,,836875.0
2016-04-08 04:09:02.157676,115,116406.0,,,,,,841312.0
2016-04-08 04:09:03.840777,115,116406.0,,,,,,841312.0
2016-04-08 04:12:02.195189,115,117335.0,,,,,,842212.0
2016-04-08 04:12:03.898084,116,117335.0,,,,,,842212.0
2016-04-08 04:15:02.372966,116,122610.0,,,,,,847487.0
2016-04-08 04:15:04.033385,116,122610.0,,,,,,847487.0
2016-04-08 04:18:02.050750,116,124376.0,,,,,,849253.0
2016-04-08 04:18:03.722800,116,124376.0,,,,,,849253.0
2016-04-08 04:21:02.163727,116,130086.0,,,,,,854963.0
2016-04-08 04:21:03.849832,116,130086.0,,,,,,854963.0
2016-04-08 04:24:02.630310,116,131919.0,,,,,,856763.0
2016-04-08 04:24:04.360681,117,131919.0,,,,,,856763.0
2016-04-08 04:27:01.919148,117,137193.0,,,,,,862038.0
2016-04-08 04:27:03.597847,117,137193.0,,,,,,862038.0
2016-04-08 04:30:02.625360,117,138793.0,,,,,,863638.0
2016-04-08 04:30:04.308343,117,138793.0,,,,,,863638.0
2016-04-08 04:33:02.335796,117,143593.0,,,,,,868438.0
2016-04-08 04:33:04.001732,117,143593.0,,,,,,868438.0
2016-04-08 04:34:27.466955,117,144393.0,,,,,,869238.0
2016-04-08 04:36:02.021954,117,146830.0,,,,,,871638.0
2016-04-08 04:36:03.720724,118,146830.0,,,,,,871638.0
2016-04-08 04:39:02.948847,118,148430.0,,,,,,873238.0
2016-04-08 04:39:04.641268,118,148430.0,,,,,,873238.0
2016-04-08 04:42:02.701676,118,154030.0,,,,,,878838.0
2016-04-08 04:42:04.438369,118,154030.0,,,,,,878838.0
2016-04-08 04:43:41.160668,118,156430.0,,,,,,881238.0
2016-04-08 04:45:02.494333,118,2430.0,,,,,,883638.0
2016-04-08 04:48:02.306728,118,5660.0,,,,,,886838.0
2016-04-08 04:51:01.929568,119,10460.0,,,,,,891638.0
2016-04-08 04:54:02.498136,119,17060.0,,,,,,898238.0
2016-04-08 04:57:02.109040,119,19860.0,,,,,,901038.0
2016-04-08 05:00:02.688044,119,22863.0,,,,,,904038.0
2016-04-08 05:03:02.284246,120,23863.0,,,,,,905038.0
2016-04-08 05:06:01.915718,120,26863.0,,,,,,908038.0
2016-04-08 05:09:02.479734,120,28863.0,,,,,,910038.0
2016-04-08 05:12:02.058512,120,28870.0,,,,,,910038.0
2016-04-08 05:15:02.592148,121,29870.0,,,,,,911038.0
2016-04-08 05:18:02.169098,121,31870.0,,,,,,913038.0
2016-04-08 05:21:01.780070,121,35870.0,,,,,,917038.0
2016-04-08 05:24:02.331234,121,38879.0,,,,,,920038.0
2016-04-08 05:27:02.408233,122,39879.0,,,,,,921038.0
2016-04-08 05:30:01.959975,122,40779.0,,,,,,921938.0
2016-04-08 05:33:02.481181,122,43479.0,,,,,,924638.0
2016-04-08 05:36:02.067795,122,45290.0,,,,,,926438.0
2016-04-08 05:39:02.648268,123,48890.0,,,,,,930038.0
2016-04-08 05:42:02.582698,123,54290.0,,,,,,935438.0
2016-04-08 05:45:02.155914,123,56090.0,,,,,,937238.0
2016-04-08 05:48:02.807219,123,61503.0,,,,,,942638.0
2016-04-08 05:51:02.574058,124,64203.0,,,,,,945338.0
2016-04-08 05:54:02.173165,124,69603.0,,,,,,950738.0
2016-04-08 05:57:02.189233,124,75003.0,,,,,,956138.0
2016-04-08 06:00:02.749440,124,79521.0,,,,,,960638.0
2016-04-08 06:03:01.792680,125,82121.0,,,,,,963238.0
2016-04-08 06:06:02.336128,125,84621.0,,,,,,965738.0
2016-04-08 06:09:01.964180,125,90221.0,,,,,,971338.0
2016-04-08 06:12:02.633357,125,93544.0,,,,,,974638.0
2016-04-08 06:15:02.636421,126,97144.0,,,,,,978238.0
2016-04-08 06:18:02.199789,126,99844.0,,,,,,980938.0
2016-04-08 06:21:01.782754,126,107044.0,,,,,,988138.0
2016-04-08 06:24:02.381412,126,111070.0,,,,,,992138.0
2016-04-08 06:27:02.312435,127,113916.0,,,,,,994984.0
2016-04-08 06:30:01.907534,127,118916.0,,,,,,999984.0
2016-04-08 06:33:02.490379,127,123916.0,,,,,,1004984.0
2016-04-08 06:36:02.327880,127,126547.0,,,,,,1007584.0
2016-04-08 06:39:02.527866,128,127547.0,,,,,,1008584.0
2016-04-08 06:42:02.156725,128,129547.0,,,,,,1010584.0
2016-04-08 06:45:01.760381,128,131547.0,,,,,,1012584.0
2016-04-08 06:48:02.807970,128,133581.0,,,,,,1014584.0
2016-04-08 06:51:02.431396,129,137581.0,,,,,,1018584.0
2016-04-08 06:54:02.167847,129,140481.0,,,,,,1021484.0
2016-04-08 06:57:01.742144,129,144081.0,,,,,,1025084.0
2016-04-08 07:00:02.332168,129,150417.0,,,,,,1031384.0
2016-04-08 07:03:02.304726,130,153117.0,,,,,,1034084.0
2016-04-08 07:06:01.894926,130,155817.0,,,,,,1036784.0
2016-04-08 07:09:02.467959,130,159417.0,,,,,,1040384.0
2016-04-08 07:12:02.121348,130,163958.0,,,,,,1044884.0
2016-04-08 07:15:02.553150,131,170258.0,,,,,,1051184.0
2016-04-08 07:18:02.156268,131,173158.0,,,,,,1054084.0
2016-04-08 07:21:02.047785,131,177158.0,,,,,,1058084.0
2016-04-08 07:24:02.948902,131,180003.0,,,,,,1060884.0
2016-04-08 07:27:02.036115,132,181903.0,,,,,,1062784.0
2016-04-08 07:30:02.733163,132,184903.0,,,,,,1065784.0
2016-04-08 07:33:02.509410,132,184903.0,,,,,,1065784.0
2016-04-08 07:33:04.180530,132,184903.0,,,,,,1065784.0
2016-04-08 07:36:02.482378,132,184951.0,,,,,,1065784.0
2016-04-08 07:36:04.299337,133,184951.0,,,,,,1065784.0
2016-04-08 07:39:02.350006,133,184951.0,,,,,,1065784.0
2016-04-08 07:39:04.066419,133,184951.0,,,,,,1065784.0
2016-04-08 07:42:02.540385,133,184951.0,,,,,,1065784.0
2016-04-08 07:42:04.216486,133,184951.0,,,,,,1065784.0
2016-04-08 07:45:02.310537,133,187651.0,,,,,,1068484.0
2016-04-08 07:45:03.993435,133,187651.0,,,,,,1068484.0
2016-04-08 07:48:02.751394,133,191999.0,,,,,,1072784.0
2016-04-08 07:48:04.467142,134,191999.0,,,,,,1072784.0
2016-04-08 07:51:02.613059,134,192799.0,,,,,,1073584.0
2016-04-08 07:51:04.328675,134,193599.0,,,,,,1074384.0
2016-04-08 07:54:02.720516,134,67599.0,,,,,,1077784.0
2016-04-08 07:57:02.357000,134,74499.0,,,,,,1084684.0
2016-04-08 08:00:07.055671,135,78331.0,,,,,,1088484.0
2016-04-08 08:03:02.671877,135,84631.0,,,,,,1094784.0
2016-04-08 08:06:02.267181,135,85531.0,,,,,,1095684.0
2016-04-08 08:09:01.866388,135,90031.0,,,,,,1100184.0
2016-04-08 08:12:02.477520,135,94554.0,,,,,,1104684.0
2016-04-08 08:15:02.126752,136,99054.0,,,,,,1109184.0
2016-04-08 08:18:03.010341,136,102654.0,,,,,,1112784.0
2016-04-08 08:21:02.583026,136,106254.0,,,,,,1116384.0
2016-04-08 08:24:02.178630,136,109880.0,,,,,,1119984.0
2016-04-08 08:27:01.757280,137,114380.0,,,,,,1124484.0
2016-04-08 08:30:02.314541,137,117980.0,,,,,,1128084.0
2016-04-08 08:33:01.919426,137,121580.0,,,,,,1131684.0
2016-04-08 08:36:02.546918,137,127011.0,,,,,,1137084.0
2016-04-08 08:39:02.226758,138,130611.0,,,,,,1140684.0
2016-04-08 08:42:01.987995,138,135111.0,,,,,,1145184.0
2016-04-08 08:45:02.783837,138,88911.0,,,,,,1148984.0
2016-04-08 08:48:02.380467,138,92943.0,,,,,,1152984.0
2016-04-08 08:51:02.060514,139,97943.0,,,,,,1157984.0
2016-04-08 08:54:02.587733,139,103943.0,,,,,,1163984.0
2016-04-08 08:57:02.155810,139,106943.0,,,,,,1166984.0
2016-04-08 09:00:01.965592,139,111970.0,,,,,,1171984.0
2016-04-08 09:03:03.238130,140,116970.0,,,,,,1176984.0
2016-04-08 09:06:01.775048,140,122970.0,,,,,,1182984.0
2016-04-08 09:09:02.347995,140,124970.0,,,,,,1184984.0
2016-04-08 09:12:02.029704,140,131001.0,,,,,,1190984.0
2016-04-08 09:15:02.607715,141,133001.0,,,,,,1192984.0
2016-04-08 09:18:02.362818,141,136001.0,,,,,,1195984.0
2016-04-08 09:21:01.918904,141,139001.0,,,,,,1198984.0
2016-04-08 09:24:02.470035,141,141037.0,,,,,,1200984.0
2016-04-08 09:27:02.425942,142,144037.0,,,,,,1203984.0
2016-04-08 09:30:01.996095,142,147037.0,,,,,,1206984.0
2016-04-08 09:33:01.770079,142,150037.0,,,,,,1209984.0
2016-04-08 09:36:02.436592,142,152775.0,,,,,,1212684.0
2016-04-08 09:39:02.169030,143,154575.0,,,,,,1214484.0
2016-04-08 09:42:01.907103,143,159075.0,,,,,,1218984.0
2016-04-08 09:45:02.576123,143,163575.0,,,,,,1223484.0
2016-04-08 09:48:02.170214,143,166316.0,,,,,,1226184.0
2016-04-08 09:51:02.602396,144,170816.0,,,,,,1230684.0
2016-04-08 09:54:02.183100,144,176216.0,,,,,,1236084.0
2016-04-08 09:57:01.868218,144,178916.0,,,,,,1238784.0
2016-04-08 10:00:02.638835,144,184362.0,,,,,,1244184.0
2016-04-08 10:03:02.375006,145,188862.0,,,,,,1248684.0
2016-04-08 10:06:02.138834,145,193362.0,,,,,,1253184.0
2016-04-08 10:09:02.013384,145,194262.0,,,,,,1254084.0
2016-04-08 10:12:07.802071,146,199712.0,,,,,,1259484.0
2016-04-08 10:15:02.671649,146,203312.0,,,,,,1263084.0
2016-04-08 10:18:02.481696,146,207696.0,,,,,,1267468.0
2016-04-08 10:21:02.267694,146,214196.0,,,,,,1273968.0
2016-04-08 10:24:02.439257,146,215250.0,,,,,,1274968.0
2016-04-08 10:27:02.254542,147,221850.0,,,,,,1281568.0
2016-04-08 10:30:01.872627,147,224550.0,,,,,,1284268.0
2016-04-08 10:33:02.720547,147,226550.0,,,,,,1286268.0
2016-04-08 10:36:02.434069,147,229308.0,,,,,,1288968.0
2016-04-08 10:39:02.339968,148,233808.0,,,,,,1293468.0
2016-04-08 10:42:02.016610,148,238308.0,,,,,,1297968.0
2016-04-08 10:42:03.743857,148,238308.0,,,,,,1297968.0
2016-04-08 10:45:01.822014,148,240108.0,,,,,,1299768.0
2016-04-08 10:45:03.512415,148,240108.0,,,,,,1299768.0
2016-04-08 10:48:02.640453,148,244670.0,,,,,,1304268.0
2016-04-08 10:51:01.809345,149,248770.0,,,,,,1308368.0
2016-04-08 10:54:02.587179,149,7970.0,,,,,,1311568.0
2016-04-08 10:57:02.781047,149,8770.0,,,,,,1312368.0
2016-04-08 11:00:02.560449,149,11198.0,,,,,,1314768.0
2016-04-08 11:03:02.751277,150,20798.0,,,,,,1324368.0
2016-04-08 11:06:02.505495,150,23798.0,,,,,,1327368.0
2016-04-08 11:09:02.243258,150,28798.0,,,,,,1332368.0
2016-04-08 11:12:02.078379,150,35804.0,,,,,,1339368.0
2016-04-08 11:15:02.265504,151,37804.0,,,,,,1341368.0
2016-04-08 11:18:02.002890,151,37804.0,,,,,,1341368.0
2016-04-08 11:21:02.935451,151,40804.0,,,,,,1344368.0
2016-04-08 11:24:02.848539,151,42814.0,,,,,,1346368.0
2016-04-08 11:27:02.389064,152,43814.0,,,,,,1347368.0
2016-04-08 11:30:02.135789,152,46814.0,,,,,,1350368.0
2016-04-08 11:33:01.898356,152,51814.0,,,,,,1355368.0
2016-04-08 11:36:02.668295,152,55827.0,,,,,,1359368.0
2016-04-08 11:39:01.831834,153,57827.0,,,,,,1361368.0
2016-04-08 11:42:02.596227,153,60827.0,,,,,,1364368.0
2016-04-08 11:45:02.492639,153,63827.0,,,,,,1367368.0
2016-04-08 11:48:02.283731,153,67842.0,,,,,,1371368.0
2016-04-08 11:51:03.568935,154,71742.0,,,,,,1375268.0
2016-04-08 11:54:02.317984,154,76342.0,,,,,,1379868.0
2016-04-08 11:57:02.084304,154,80842.0,,,,,,1384368.0
2016-04-08 12:00:01.841883,154,84462.0,,,,,,1387968.0
2016-04-08 12:03:01.967228,155,90762.0,,,,,,1394268.0
2016-04-08 12:06:02.704986,155,97062.0,,,,,,1400568.0
2016-04-08 12:09:02.544531,155,105162.0,,,,,,1408668.0
2016-04-08 12:12:02.303254,155,109687.0,,,,,,1413168.0
2016-04-08 12:15:02.101996,156,114187.0,,,,,,1417668.0
2016-04-08 12:18:01.827154,156,118687.0,,,,,,1422168.0
2016-04-08 12:21:02.551789,156,121387.0,,,,,,1424868.0
2016-04-08 12:24:02.323377,156,129518.0,,,,,,1432968.0
2016-04-08 12:27:02.452362,157,135818.0,,,,,,1439268.0
2016-04-08 12:30:02.165240,157,138518.0,,,,,,1441968.0
2016-04-08 12:33:01.959803,157,146618.0,,,,,,1450068.0
2016-04-08 12:36:02.460272,157,149354.0,,,,,,1452768.0
2016-04-08 12:39:01.976147,158,153854.0,,,,,,1457268.0
2016-04-08 12:42:02.467901,158,111554.0,,,,,,1464968.0
2016-04-08 12:45:01.954592,158,117554.0,,,,,,1470968.0
2016-04-08 12:48:02.593961,158,120588.0,,,,,,1473968.0
2016-04-08 12:51:02.154538,159,125588.0,,,,,,1478968.0
2016-04-08 12:54:02.756979,159,127588.0,,,,,,1480968.0
2016-04-08 12:57:02.265331,159,132588.0,,,,,,1485968.0
2016-04-08 13:00:01.796708,159,135621.0,,,,,,1488968.0
2016-04-08 13:03:02.377056,160,138621.0,,,,,,1491968.0
2016-04-08 13:06:01.845018,160,141621.0,,,,,,1494968.0
2016-04-08 13:09:02.349484,160,143621.0,,,,,,1496968.0
2016-04-08 13:12:01.932726,160,147658.0,,,,,,1500968.0
2016-04-08 13:15:01.902648,161,152658.0,,,,,,1505968.0
2016-04-08 13:18:02.544201,161,153658.0,,,,,,1506968.0
2016-04-08 13:21:02.389982,161,156658.0,,,,,,1509968.0
2016-04-08 13:24:01.978646,161,156698.0,,,,,,1509968.0
2016-04-08 13:27:02.564986,162,156698.0,,,,,,1509968.0
2016-04-08 13:30:02.145591,162,156698.0,,,,,,1509968.0
2016-04-08 13:33:02.677023,162,156698.0,,,,,,1509968.0
2016-04-08 13:36:02.617970,162,156739.0,,,,,,1509968.0
2016-04-08 13:39:02.161687,163,156739.0,,,,,,1509968.0
2016-04-08 13:42:01.797577,163,157739.0,,,,,,1510968.0
2016-04-08 13:45:02.630928,163,157739.0,,,,,,1510968.0
2016-04-08 13:48:02.245693,163,160780.0,,,,,,1513968.0
2016-04-08 13:51:01.965796,164,160780.0,,,,,,1513968.0
2016-04-08 13:54:01.861527,164,780.0,,,,,,1513968.0
2016-04-08 13:57:02.492116,164,5780.0,,,,,,1518968.0
2016-04-08 14:00:02.230476,164,7798.0,,,,,,1520968.0
2016-04-08 14:03:01.790193,165,11798.0,,,,,,1524968.0
2016-04-08 14:06:02.300607,165,16798.0,,,,,,1529968.0
2016-04-08 14:09:02.983774,165,20798.0,,,,,,1533968.0
2016-04-08 14:12:02.613784,165,23802.0,,,,,,1536968.0
2016-04-08 14:15:02.361975,166,29802.0,,,,,,1542968.0
2016-04-08 14:18:01.827851,166,33802.0,,,,,,1546968.0
2016-04-08 14:21:02.279699,166,37802.0,,,,,,1550968.0
2016-04-08 14:24:02.760384,166,39810.0,,,,,,1552968.0
2016-04-08 14:27:02.347849,167,46810.0,,,,,,1559968.0
2016-04-08 14:30:01.853242,167,48810.0,,,,,,1561968.0
2016-04-08 14:33:02.396437,167,50810.0,,,,,,1563968.0
2016-04-08 14:36:01.924624,167,53823.0,,,,,,1566968.0
2016-04-08 14:39:02.484182,168,58323.0,,,,,,1571468.0
2016-04-08 14:42:01.987998,168,63723.0,,,,,,1576868.0
2016-04-08 14:45:02.528267,168,67323.0,,,,,,1580468.0
2016-04-08 14:48:02.414155,168,70939.0,,,,,,1584068.0
2016-04-08 14:51:02.067264,169,77239.0,,,,,,1590368.0
2016-04-08 14:54:02.612517,169,83539.0,,,,,,1596668.0
2016-04-08 14:57:02.144482,169,89839.0,,,,,,1602968.0
2016-04-08 15:00:02.847525,169,97060.0,,,,,,1610168.0
2016-04-08 15:03:01.875454,170,98860.0,,,,,,1611968.0
2016-04-08 15:06:02.360203,170,101560.0,,,,,,1614668.0
2016-04-08 15:09:01.855826,170,110560.0,,,,,,1623668.0
2016-04-08 15:12:02.446270,170,115987.0,,,,,,1629068.0
2016-04-08 15:15:01.928660,171,121387.0,,,,,,1634468.0
2016-04-08 15:18:02.589385,171,126787.0,,,,,,1639868.0
2016-04-08 15:21:02.064336,171,129487.0,,,,,,1642568.0
2016-04-08 15:24:02.567806,171,132220.0,,,,,,1645268.0
2016-04-08 15:27:02.077393,172,137620.0,,,,,,1650668.0
2016-04-08 15:30:02.584513,172,140320.0,,,,,,1653368.0
2016-04-08 15:33:02.054202,172,146620.0,,,,,,1659668.0
2016-04-08 15:36:02.666765,172,151156.0,,,,,,1664168.0
2016-04-08 15:39:02.552963,173,154756.0,,,,,,1667768.0
2016-04-08 15:42:02.008557,173,159256.0,,,,,,1672268.0
2016-04-08 15:45:02.440330,173,163756.0,,,,,,1676768.0
2016-04-08 15:48:02.017482,173,169198.0,,,,,,1682168.0
2016-04-08 15:51:02.275839,174,171898.0,,,,,,1684868.0
2016-04-08 15:54:01.973131,174,175698.0,,,,,,1688668.0
2016-04-08 15:57:02.988805,174,183698.0,,,,,,1696668.0
2016-04-08 16:00:03.215232,174,186744.0,,,,,,1699668.0
2016-04-08 16:03:02.460258,175,188744.0,,,,,,1701668.0
2016-04-08 16:06:01.931106,175,196144.0,,,,,,1709068.0
2016-04-08 16:09:02.374853,175,200144.0,,,,,,1713068.0
2016-04-08 16:12:01.943582,175,207395.0,,,,,,1720268.0
2016-04-08 16:15:02.608502,176,212195.0,,,,,,1725068.0
2016-04-08 16:18:02.158018,176,216995.0,,,,,,1729868.0
2016-04-08 16:21:02.635196,176,225795.0,,,,,,1738668.0
2016-04-08 16:24:02.201174,176,230652.0,,,,,,1743468.0
2016-04-08 16:27:02.949048,177,235452.0,,,,,,1748268.0
2016-04-08 16:30:02.432512,177,240252.0,,,,,,1753068.0
2016-04-08 16:33:01.927991,177,241852.0,,,,,,1754668.0
2016-04-08 16:36:02.479852,177,245114.0,,,,,,1757868.0
2016-04-08 16:39:02.036857,178,247285.0,,,,,,1760039.0
2016-04-08 16:42:02.507184,178,253534.0,,,,,,1766287.0
2016-04-08 16:42:04.151023,178,253534.0,,,,,,1766287.0
2016-04-08 16:45:02.179762,178,254759.0,,,,,,1767512.0
2016-04-08 16:45:03.801849,178,254759.0,,,,,,1767512.0
2016-04-08 16:48:01.840793,178,259970.0,,,,,,1772657.0
2016-04-08 16:48:03.522036,179,259970.0,,,,,,1772657.0
2016-04-08 16:51:02.580663,179,264718.0,,,,,,1777406.0
2016-04-08 16:51:04.278464,179,264718.0,,,,,,1777406.0
2016-04-08 16:54:02.328336,179,3301.0,,,,,,1780389.0
2016-04-08 16:57:01.942999,179,14100.0,,,,,,1791188.0
2016-04-08 17:00:02.474688,179,22931.0,,,,,,1799988.0
2016-04-08 17:03:02.076029,180,26131.0,,,,,,1803188.0
2016-04-08 17:06:02.786868,180,35731.0,,,,,,1812788.0
2016-04-08 17:09:02.283108,180,42131.0,,,,,,1819188.0
2016-04-08 17:12:02.876946,180,46139.0,,,,,,1823188.0
2016-04-08 17:15:02.432450,181,51139.0,,,,,,1828188.0
2016-04-08 17:18:01.915787,181,59139.0,,,,,,1836188.0
2016-04-08 17:21:02.446516,181,64539.0,,,,,,1841588.0
2016-04-08 17:24:02.453320,181,73554.0,,,,,,1850588.0
2016-04-08 17:27:02.685234,182,80754.0,,,,,,1857788.0
2016-04-08 17:30:02.154956,182,87054.0,,,,,,1864088.0
2016-04-08 17:33:02.639169,182,88854.0,,,,,,1865888.0
2016-04-08 17:36:02.269927,182,93376.0,,,,,,1870388.0
2016-04-08 17:39:01.857117,183,97876.0,,,,,,1874888.0
2016-04-08 17:42:02.698123,183,104176.0,,,,,,1881188.0
2016-04-08 17:45:02.185185,183,108676.0,,,,,,1885688.0
2016-04-08 17:48:02.684745,183,111403.0,,,,,,1888388.0
2016-04-08 17:51:02.242784,184,118603.0,,,,,,1895588.0
2016-04-08 17:54:02.745230,184,121103.0,,,,,,1898088.0
2016-04-08 17:57:02.222224,184,125103.0,,,,,,1902088.0
2016-04-08 18:00:02.711211,184,132334.0,,,,,,1909288.0
2016-04-08 18:03:02.283024,185,137934.0,,,,,,1914888.0
2016-04-08 18:06:02.765384,185,141134.0,,,,,,1918088.0
2016-04-08 18:09:02.566027,185,149134.0,,,,,,1926088.0
2016-04-08 18:12:02.072680,185,153971.0,,,,,,1930888.0
2016-04-08 18:15:02.598433,186,160371.0,,,,,,1937288.0
2016-04-08 18:18:02.311274,186,165171.0,,,,,,1942088.0
2016-04-08 18:21:02.781000,186,169171.0,,,,,,1946088.0
2016-04-08 18:24:02.326046,186,174814.0,,,,,,1951688.0
2016-04-08 18:27:02.712382,187,180414.0,,,,,,1957288.0
2016-04-08 18:30:02.215767,187,184414.0,,,,,,1961288.0
2016-04-08 18:33:02.680060,187,193214.0,,,,,,1970088.0
2016-04-08 18:36:02.176461,187,198063.0,,,,,,1974888.0
2016-04-08 18:39:02.735877,188,202863.0,,,,,,1979688.0
2016-04-08 18:42:02.230206,188,207653.0,,,,,,1984479.0
2016-04-08 18:45:02.936070,188,209228.0,,,,,,1986053.0
2016-04-08 18:48:02.492704,188,213698.0,,,,,,1990470.0
2016-04-08 18:51:02.116322,189,218674.0,,,,,,1995446.0
2016-04-08 18:54:02.579590,189,222638.0,,,,,,1999410.0
2016-04-08 18:57:02.079750,189,229185.0,,,,,,2005957.0
2016-04-08 19:00:03.153833,190,235769.0,,,,,,2012483.0
2016-04-08 19:03:02.019095,190,239530.0,,,,,,2016244.0
2016-04-08 19:06:02.523256,190,242702.0,,,,,,2019416.0
2016-04-08 19:09:02.036072,190,246518.0,,,,,,2023232.0
2016-04-08 19:12:02.591263,190,248057.0,,,,,,2024708.0
2016-04-08 19:15:02.135638,191,251769.0,,,,,,2028419.0
2016-04-08 19:18:02.647839,191,261205.0,,,,,,2037856.0
2016-04-08 19:21:02.589632,191,266205.0,,,,,,2042856.0
2016-04-08 19:24:02.103974,191,273273.0,,,,,,2049856.0
2016-04-08 19:27:02.666696,192,277273.0,,,,,,2053856.0
2016-04-08 19:30:02.134849,192,280273.0,,,,,,2056856.0
2016-04-08 19:33:02.633123,192,285273.0,,,,,,2061856.0
2016-04-08 19:36:02.181772,192,288346.0,,,,,,2064856.0
2016-04-08 19:39:01.876201,193,290346.0,,,,,,2066856.0
2016-04-08 19:42:01.919173,193,293346.0,,,,,,2069856.0
2016-04-08 19:42:03.541361,193,293346.0,,,,,,2069856.0
2016-04-08 19:45:01.821281,193,293346.0,,,,,,2069856.0
2016-04-08 19:45:03.422390,193,293346.0,,,,,,2069856.0
2016-04-08 19:48:02.469756,193,293422.0,,,,,,2069856.0
2016-04-08 19:48:04.156715,194,293422.0,,,,,,2069856.0
2016-04-08 19:51:02.244444,194,293422.0,,,,,,2069856.0
2016-04-08 19:51:03.872480,194,293422.0,,,,,,2069856.0
2016-04-08 19:54:01.905234,194,13722.0,,,,,,2074356.0
2016-04-08 19:57:03.058157,194,18222.0,,,,,,2078856.0
2016-04-08 20:00:02.761170,194,21857.0,,,,,,2082456.0
2016-04-08 20:03:02.361094,195,25457.0,,,,,,2086056.0
2016-04-08 20:06:02.132154,195,31757.0,,,,,,2092356.0
2016-04-08 20:09:02.724146,195,35357.0,,,,,,2095956.0
2016-04-08 20:12:02.356117,195,39864.0,,,,,,2100456.0
2016-04-08 20:15:02.005393,196,46164.0,,,,,,2106756.0
2016-04-08 20:18:02.521938,196,47964.0,,,,,,2108556.0
2016-04-08 20:21:02.008077,196,50664.0,,,,,,2111256.0
2016-04-08 20:24:02.602241,196,57877.0,,,,,,2118456.0
2016-04-08 20:27:02.192278,197,62377.0,,,,,,2122956.0
2016-04-08 20:30:02.720941,197,69577.0,,,,,,2130156.0
2016-04-08 20:33:02.231416,197,73177.0,,,,,,2133756.0
2016-04-08 20:36:02.835861,197,76794.0,,,,,,2137356.0
2016-04-08 20:39:02.370039,198,78594.0,,,,,,2139156.0
2016-04-08 20:42:01.883051,198,83094.0,,,,,,2143656.0
2016-04-08 20:45:02.100309,198,88494.0,,,,,,2149056.0
2016-04-08 20:48:01.947029,198,92116.0,,,,,,2152656.0
2016-04-08 20:51:02.611918,199,99316.0,,,,,,2159856.0
2016-04-08 20:54:02.090303,199,102916.0,,,,,,2163456.0
2016-04-08 20:57:02.671818,199,106516.0,,,,,,2167056.0
2016-04-08 21:00:02.219463,199,112842.0,,,,,,2173356.0
2016-04-08 21:03:01.803408,200,116442.0,,,,,,2176956.0
2016-04-08 21:06:02.305084,200,122542.0,,,,,,2183056.0
2016-04-08 21:09:02.793027,200,129742.0,,,,,,2190256.0
2016-04-08 21:12:02.888451,201,134574.0,,,,,,2195056.0
2016-04-08 21:15:02.472320,201,139374.0,,,,,,2199856.0
2016-04-08 21:18:02.412026,201,144174.0,,,,,,2204656.0
2016-04-08 21:21:01.946444,201,146574.0,,,,,,2207056.0
2016-04-08 21:24:02.454429,201,153011.0,,,,,,2213456.0
2016-04-08 21:27:02.016970,202,159411.0,,,,,,2219856.0
2016-04-08 21:30:02.492011,202,167411.0,,,,,,2227856.0
2016-04-08 21:33:01.989275,202,174511.0,,,,,,2234956.0
2016-04-08 21:36:02.484610,202,179955.0,,,,,,2240356.0
2016-04-08 21:39:01.992742,203,183555.0,,,,,,2243956.0
2016-04-08 21:42:02.938237,203,185355.0,,,,,,2245756.0
2016-04-08 21:45:02.712470,203,197055.0,,,,,,2257456.0
2016-04-08 21:48:02.587685,203,203404.0,,,,,,2263756.0
2016-04-08 21:51:02.598956,204,207904.0,,,,,,2268256.0
2016-04-08 21:54:02.130564,204,212404.0,,,,,,2272756.0
2016-04-08 21:57:02.596939,204,216904.0,,,,,,2277256.0
2016-04-08 22:00:02.183585,204,222359.0,,,,,,2282656.0
2016-04-08 22:03:02.798573,205,227759.0,,,,,,2288056.0
2016-04-08 22:06:02.338832,205,233159.0,,,,,,2293456.0
2016-04-08 22:09:01.846078,205,237659.0,,,,,,2297956.0
2016-04-08 22:12:02.387423,205,244020.0,,,,,,2304256.0
2016-04-08 22:15:01.965139,206,248520.0,,,,,,2308756.0
2016-04-08 22:18:02.504507,206,251220.0,,,,,,2311456.0
2016-04-08 22:21:01.975879,206,256620.0,,,,,,2316856.0
2016-04-08 22:24:02.931481,206,262985.0,,,,,,2323156.0
2016-04-08 22:27:02.481731,207,267485.0,,,,,,2327656.0
2016-04-08 22:30:01.966146,207,271985.0,,,,,,2332156.0
2016-04-08 22:33:02.670852,207,275585.0,,,,,,2335756.0
2016-04-08 22:36:02.249272,207,283756.0,,,,,,2343856.0
2016-04-08 22:39:01.862146,208,290056.0,,,,,,2350156.0
2016-04-08 22:42:02.385437,208,293656.0,,,,,,2353756.0
2016-04-08 22:42:04.016750,208,293656.0,,,,,,2353756.0
2016-04-08 22:45:02.507186,208,294556.0,,,,,,2354656.0
2016-04-08 22:45:04.113054,208,294556.0,,,,,,2354656.0
2016-04-08 22:48:07.160370,209,301832.0,,,,,,2361856.0
2016-04-08 22:48:08.744573,209,301832.0,,,,,,2361856.0
2016-04-08 22:51:03.000975,209,306332.0,,,,,,2366356.0
2016-04-08 22:51:04.631829,209,306332.0,,,,,,2366356.0
2016-04-08 22:54:02.643372,209,309932.0,,,,,,2369956.0
2016-04-08 22:54:04.271957,209,309932.0,,,,,,2369956.0
2016-04-08 22:57:02.649498,209,318032.0,,,,,,2378056.0
2016-04-08 22:57:04.328407,209,318032.0,,,,,,2378056.0
2016-04-08 23:00:02.314509,209,323513.0,,,,,,2383456.0
2016-04-08 23:00:03.949468,210,324413.0,,,,,,2384356.0
2016-04-08 23:03:01.930285,210,328913.0,,,,,,2388856.0
2016-04-08 23:03:03.562143,210,328913.0,,,,,,2388856.0
2016-04-08 23:06:02.832117,210,336113.0,,,,,,2396056.0
2016-04-08 23:06:04.448524,210,336113.0,,,,,,2396056.0
2016-04-08 23:09:02.447000,210,338813.0,,,,,,2398756.0
2016-04-08 23:09:04.057409,210,338813.0,,,,,,2398756.0
2016-04-08 23:12:02.065360,210,343401.0,,,,,,2403256.0
2016-04-08 23:12:03.705527,211,343401.0,,,,,,2403256.0
2016-04-08 23:15:02.686085,211,347001.0,,,,,,2406856.0
2016-04-08 23:15:04.282485,211,347001.0,,,,,,2406856.0
2016-04-08 23:18:02.265035,211,350601.0,,,,,,2410456.0
2016-04-08 23:18:03.873567,211,350601.0,,,,,,2410456.0
2016-04-08 23:21:01.876260,211,355101.0,,,,,,2414956.0
2016-04-08 23:21:03.513849,211,355101.0,,,,,,2414956.0
2016-04-08 23:24:02.731412,211,359692.0,,,,,,2419456.0
2016-04-08 23:24:04.441606,212,359692.0,,,,,,2419456.0
2016-04-08 23:27:02.422411,212,361492.0,,,,,,2421256.0
2016-04-08 23:27:04.052845,212,361492.0,,,,,,2421256.0
2016-04-08 23:30:02.051975,212,368692.0,,,,,,2428456.0
2016-04-08 23:30:03.639023,212,368692.0,,,,,,2428456.0
2016-04-08 23:33:02.611469,212,374992.0,,,,,,2434756.0
2016-04-08 23:33:04.210444,212,375892.0,,,,,,2435656.0
2016-04-08 23:36:02.219473,212,381388.0,,,,,,2441056.0
2016-04-08 23:36:03.868794,213,381388.0,,,,,,2441056.0
2016-04-08 23:39:02.047443,213,389488.0,,,,,,2449156.0
2016-04-08 23:39:03.656387,213,389488.0,,,,,,2449156.0
2016-04-08 23:42:02.636417,213,397588.0,,,,,,2457256.0
2016-04-08 23:42:04.205594,213,397588.0,,,,,,2457256.0
2016-04-08 23:45:02.197187,213,402088.0,,,,,,2461756.0
2016-04-08 23:45:03.788055,213,402088.0,,,,,,2461756.0
2016-04-08 23:48:02.787160,213,405791.0,,,,,,2465356.0
2016-04-08 23:48:04.435798,214,405791.0,,,,,,2465356.0
2016-04-08 23:51:02.721254,214,412091.0,,,,,,2471656.0
2016-04-08 23:51:04.307539,214,412091.0,,,,,,2471656.0
2016-04-08 23:54:02.282438,214,416591.0,,,,,,2476156.0
2016-04-08 23:54:04.065453,214,416591.0,,,,,,2476156.0
2016-04-08 23:57:02.066572,214,421091.0,,,,,,2480656.0
2016-04-08 23:57:03.671555,214,421091.0,,,,,,2480656.0
2016-04-09 00:00:02.767237,214,426600.0,,,,,,2486056.0
2016-04-09 00:00:04.409400,215,426600.0,,,,,,2486056.0
2016-04-09 00:03:02.408516,215,436500.0,,,,,,2495956.0
2016-04-09 00:03:03.992036,215,436500.0,,,,,,2495956.0
2016-04-09 00:06:01.990200,215,442800.0,,,,,,2502256.0
2016-04-09 00:06:03.597300,215,442800.0,,,,,,2502256.0
2016-04-09 00:09:02.594793,215,449100.0,,,,,,2508556.0
2016-04-09 00:09:04.201067,215,449100.0,,,,,,2508556.0
2016-04-09 00:12:02.201154,215,451915.0,,,,,,2511256.0
2016-04-09 00:15:02.629188,216,457315.0,,,,,,2516656.0
2016-04-09 00:15:04.280504,216,457315.0,,,,,,2516656.0
2016-04-09 00:18:02.274125,216,179415.0,,,,,,2522956.0
2016-04-09 00:21:02.804124,216,183915.0,,,,,,2527456.0
2016-04-09 00:24:02.294560,216,186698.0,,,,,,2530156.0
2016-04-09 00:27:01.847104,217,192998.0,,,,,,2536456.0
2016-04-09 00:30:02.360902,217,197498.0,,,,,,2540956.0
2016-04-09 00:33:01.838282,217,204698.0,,,,,,2548156.0
2016-04-09 00:36:02.387816,217,208349.0,,,,,,2551756.0
2016-04-09 00:39:01.964556,218,213749.0,,,,,,2557156.0
2016-04-09 00:42:02.509237,218,215549.0,,,,,,2558956.0
2016-04-09 00:45:02.008176,218,220049.0,,,,,,2563456.0
2016-04-09 00:48:02.518724,218,227306.0,,,,,,2570656.0
2016-04-09 00:51:02.053898,219,233606.0,,,,,,2576956.0
2016-04-09 00:54:02.544329,219,237206.0,,,,,,2580556.0
2016-04-09 00:57:02.072512,219,239906.0,,,,,,2583256.0
2016-04-09 01:00:02.626668,219,245367.0,,,,,,2588656.0
2016-04-09 01:03:02.301427,220,248067.0,,,,,,2591356.0
2016-04-09 01:06:02.792003,220,252567.0,,,,,,2595856.0
2016-04-09 01:09:02.301631,220,257967.0,,,,,,2601256.0
2016-04-09 01:12:02.821227,220,263433.0,,,,,,2606656.0
2016-04-09 01:15:02.372674,221,265233.0,,,,,,2608456.0
2016-04-09 01:18:01.850548,221,272433.0,,,,,,2615656.0
2016-04-09 01:21:02.347395,221,278733.0,,,,,,2621956.0
2016-04-09 01:24:01.999365,221,282404.0,,,,,,2625556.0
2016-04-09 01:27:02.534906,222,294104.0,,,,,,2637256.0
2016-04-09 01:30:02.025638,222,296804.0,,,,,,2639956.0
2016-04-09 01:33:02.540256,222,303104.0,,,,,,2646256.0
2016-04-09 01:36:02.066746,222,308581.0,,,,,,2651656.0
2016-04-09 01:39:02.883611,223,313981.0,,,,,,2657056.0
2016-04-09 01:42:02.443912,223,320281.0,,,,,,2663356.0
2016-04-09 01:45:01.971381,223,321181.0,,,,,,2664256.0
2016-04-09 01:48:02.498075,223,326664.0,,,,,,2669656.0
2016-04-09 01:51:02.408824,224,332964.0,,,,,,2675956.0
2016-04-09 01:54:01.886131,224,336564.0,,,,,,2679556.0
2016-04-09 01:57:02.378318,224,341964.0,,,,,,2684956.0
2016-04-09 02:00:02.030942,224,347452.0,,,,,,2690356.0
2016-04-09 02:03:02.639148,225,351952.0,,,,,,2694856.0
2016-04-09 02:06:02.154522,225,360052.0,,,,,,2702956.0
2016-04-09 02:09:02.602705,225,363652.0,,,,,,2706556.0
2016-04-09 02:12:02.112616,225,371845.0,,,,,,2714656.0
2016-04-09 02:15:02.975174,226,379045.0,,,,,,2721856.0
2016-04-09 02:18:02.453886,226,386245.0,,,,,,2729056.0
2016-04-09 02:21:01.969286,226,395245.0,,,,,,2738056.0
2016-04-09 02:24:02.518614,226,402545.0,,,,,,2745256.0
2016-04-09 02:27:02.111133,227,405245.0,,,,,,2747956.0
2016-04-09 02:30:02.624608,227,411545.0,,,,,,2754256.0
2016-04-09 02:33:02.128352,227,416945.0,,,,,,2759656.0
2016-04-09 02:36:02.718002,227,421553.0,,,,,,2764156.0
2016-04-09 02:36:19.200472,228,421553.0,,,,,,2764156.0
2016-04-09 02:39:02.233286,228,428753.0,,,,,,2771356.0
2016-04-09 02:42:02.409244,228,435053.0,,,,,,2777656.0
2016-04-09 02:45:02.012582,228,388653.0,,,,,,2781256.0
2016-04-09 02:48:02.591183,228,395961.0,,,,,,2788456.0
2016-04-09 02:51:02.289664,229,398461.0,,,,,,2790956.0
2016-04-09 02:54:01.856484,229,402265.0,,,,,,2794760.0
2016-04-09 02:57:02.071426,229,405162.0,,,,,,2797658.0
2016-04-09 03:00:02.679359,229,411670.0,,,,,,2804061.0
2016-04-09 03:03:02.263161,230,416469.0,,,,,,2808860.0
2016-04-09 03:06:02.771049,230,418824.0,,,,,,2811215.0
2016-04-09 03:06:04.343268,230,418824.0,,,,,,2811215.0
2016-04-09 03:09:02.438279,230,424267.0,,,,,,2816658.0
2016-04-09 03:09:04.052545,230,424267.0,,,,,,2816658.0
2016-04-09 03:12:02.281804,230,428524.0,,,,,,2820805.0
2016-04-09 03:12:03.908815,231,428524.0,,,,,,2820805.0
2016-04-09 03:15:01.936473,231,432426.0,,,,,,2824707.0
2016-04-09 03:15:03.574375,231,432426.0,,,,,,2824707.0
2016-04-09 03:18:02.619646,231,101399.0,,,,,,2828280.0
2016-04-09 03:21:02.239868,231,107443.0,,,,,,2834324.0
2016-04-09 03:24:02.783144,231,113628.0,,,,,,2840439.0
2016-04-09 03:27:02.438333,232,123196.0,,,,,,2850007.0
2016-04-09 03:30:02.050189,232,128196.0,,,,,,2855007.0
2016-04-09 03:33:02.564358,232,130196.0,,,,,,2857007.0
2016-04-09 03:36:02.135026,232,135629.0,,,,,,2862407.0
2016-04-09 03:39:02.694455,233,142829.0,,,,,,2869607.0
2016-04-09 03:42:02.708218,233,149129.0,,,,,,2875907.0
2016-04-09 03:45:02.267449,233,151829.0,,,,,,2878607.0
2016-04-09 03:48:03.493239,234,155467.0,,,,,,2882207.0
2016-04-09 03:51:02.072510,234,158827.0,,,,,,2885567.0
2016-04-09 03:54:02.624128,234,161332.0,,,,,,2888072.0
2016-04-09 03:57:02.124121,234,170655.0,,,,,,2897395.0
2016-04-09 04:00:02.920349,234,175927.0,,,,,,2902625.0
2016-04-09 04:03:02.445939,235,183795.0,,,,,,2910493.0
2016-04-09 04:06:01.937066,235,190029.0,,,,,,2916727.0
2016-04-09 04:09:02.399261,235,193511.0,,,,,,2920208.0
2016-04-09 04:12:01.932006,235,201198.0,,,,,,2927847.0
2016-04-09 04:15:02.471879,236,203580.0,,,,,,2930228.0
2016-04-09 04:18:02.096815,236,206409.0,,,,,,2933058.0
2016-04-09 04:21:02.595461,236,210581.0,,,,,,2937229.0
2016-04-09 04:24:02.328192,236,213184.0,,,,,,2939778.0
2016-04-09 04:27:01.876608,237,216127.0,,,,,,2942722.0
2016-04-09 04:30:02.336021,237,217918.0,,,,,,2944512.0
2016-04-09 04:33:02.221291,237,222547.0,,,,,,2949142.0
2016-04-09 04:36:02.734037,237,226256.0,,,,,,2952793.0
2016-04-09 04:39:02.266772,238,230586.0,,,,,,2957124.0
2016-04-09 04:42:02.745151,238,236684.0,,,,,,2963222.0
2016-04-09 04:45:02.228486,238,240770.0,,,,,,2967308.0
2016-04-09 04:48:02.781605,238,243672.0,,,,,,2970148.0
2016-04-09 04:51:02.384727,239,252448.0,,,,,,2978924.0
2016-04-09 04:54:01.920343,239,257905.0,,,,,,2984381.0
2016-04-09 04:57:02.828362,239,264097.0,,,,,,2990573.0
2016-04-09 05:00:02.759072,239,271081.0,,,,,,2997490.0
2016-04-09 05:03:02.583179,240,274579.0,,,,,,3000988.0
2016-04-09 05:06:02.400588,240,280658.0,,,,,,3007067.0
2016-04-09 05:09:02.174067,240,286027.0,,,,,,3012437.0
2016-04-09 05:12:02.697671,240,288719.0,,,,,,3015056.0
2016-04-09 05:15:02.278190,241,294313.0,,,,,,3020649.0
2016-04-09 05:18:02.816062,241,296562.0,,,,,,3022899.0
2016-04-09 05:21:02.267523,241,301941.0,,,,,,3028277.0
2016-04-09 05:24:02.818268,241,310762.0,,,,,,3037021.0
2016-04-09 05:27:02.351210,242,317957.0,,,,,,3044216.0
2016-04-09 05:30:01.868702,242,327857.0,,,,,,3054116.0
2016-04-09 05:33:02.374043,242,329657.0,,,,,,3055916.0
2016-04-09 05:36:01.983238,242,338652.0,,,,,,3064826.0
2016-04-09 05:39:02.594938,243,342252.0,,,,,,3068426.0
2016-04-09 05:42:02.063909,243,353952.0,,,,,,3080126.0
2016-04-09 05:45:02.529381,243,356652.0,,,,,,3082826.0
2016-04-09 05:48:02.343503,243,362143.0,,,,,,3088226.0
2016-04-09 05:51:01.872016,244,363943.0,,,,,,3090026.0
2016-04-09 05:54:02.626765,244,370213.0,,,,,,3096296.0
2016-04-09 05:57:02.129189,244,378313.0,,,,,,3104396.0
2016-04-09 06:00:02.810789,244,387410.0,,,,,,3113396.0
2016-04-09 06:03:02.574326,245,390110.0,,,,,,3116096.0
2016-04-09 06:06:02.081867,245,392810.0,,,,,,3118796.0
2016-04-09 06:06:03.619853,245,392810.0,,,,,,3118796.0
2016-04-09 06:09:02.688143,245,397269.0,,,,,,3123256.0
2016-04-09 06:09:04.316320,245,397269.0,,,,,,3123256.0
2016-04-09 06:12:02.348818,245,398070.0,,,,,,3123953.0
2016-04-09 06:12:04.214217,246,398070.0,,,,,,3123953.0
2016-04-09 06:15:02.202861,246,411613.0,,,,,,3137497.0
2016-04-09 06:15:03.876927,246,411613.0,,,,,,3137497.0
2016-04-09 06:18:01.923140,246,417913.0,,,,,,3143797.0
2016-04-09 06:18:03.536727,246,417913.0,,,,,,3143797.0
2016-04-09 06:21:02.518907,246,422385.0,,,,,,3148268.0
2016-04-09 06:21:04.126286,246,422385.0,,,,,,3148268.0
2016-04-09 06:24:02.167631,246,423126.0,,,,,,3148902.0
2016-04-09 06:24:03.768331,247,423126.0,,,,,,3148902.0
2016-04-09 06:27:02.788684,247,439656.0,,,,,,3165432.0
2016-04-09 06:27:04.389993,247,439656.0,,,,,,3165432.0
2016-04-09 06:30:02.397245,247,447756.0,,,,,,3173532.0
2016-04-09 06:30:03.977628,247,447756.0,,,,,,3173532.0
2016-04-09 06:33:01.988499,247,456756.0,,,,,,3182532.0
2016-04-09 06:33:03.538826,247,456756.0,,,,,,3182532.0
2016-04-09 06:36:02.549846,247,463172.0,,,,,,3188832.0
2016-04-09 06:36:04.151330,248,463172.0,,,,,,3188832.0
2016-04-09 06:39:02.165134,248,465872.0,,,,,,3191532.0
2016-04-09 06:39:03.741488,248,465872.0,,,,,,3191532.0
2016-04-09 06:42:02.808290,248,469472.0,,,,,,3195132.0
2016-04-09 06:42:04.389442,248,469472.0,,,,,,3195132.0
2016-04-09 06:45:02.420090,248,472172.0,,,,,,3197832.0
2016-04-09 06:45:04.018322,248,472172.0,,,,,,3197832.0
2016-04-09 06:48:02.051782,248,165429.0,,,,,,3200366.0
2016-04-09 06:51:02.611991,249,171152.0,,,,,,3206089.0
2016-04-09 06:54:02.218316,249,175965.0,,,,,,3210902.0
2016-04-09 06:57:02.734943,249,180191.0,,,,,,3215128.0
2016-04-09 07:00:02.275053,249,184541.0,,,,,,3219430.0
2016-04-09 07:03:02.771088,250,192687.0,,,,,,3227577.0
2016-04-09 07:06:02.499313,250,199217.0,,,,,,3234106.0
2016-04-09 07:09:02.071573,250,203112.0,,,,,,3238001.0
2016-04-09 07:12:02.561451,250,209631.0,,,,,,3244469.0
2016-04-09 07:15:02.057353,251,212873.0,,,,,,3247711.0
2016-04-09 07:18:02.590372,251,216145.0,,,,,,3250983.0
2016-04-09 07:21:02.380309,251,221933.0,,,,,,3256771.0
2016-04-09 07:24:01.978550,251,226275.0,,,,,,3261057.0
2016-04-09 07:27:02.510036,252,228970.0,,,,,,3263752.0
2016-04-09 07:30:02.005032,252,234418.0,,,,,,3269199.0
2016-04-09 07:33:02.482825,252,238031.0,,,,,,3272813.0
2016-04-09 07:36:02.023192,252,246421.0,,,,,,3281141.0
2016-04-09 07:39:02.554664,253,253094.0,,,,,,3287814.0
2016-04-09 07:42:02.264394,253,261078.0,,,,,,3295799.0
2016-04-09 07:45:02.781930,253,269933.0,,,,,,3304653.0
2016-04-09 07:48:02.426636,253,275332.0,,,,,,3309985.0
2016-04-09 07:51:02.301403,254,280732.0,,,,,,3315385.0
2016-04-09 07:54:02.769614,254,284286.0,,,,,,3318939.0
2016-04-09 07:57:02.289509,254,289483.0,,,,,,3324136.0
2016-04-09 08:00:02.899882,254,292614.0,,,,,,3327193.0
2016-04-09 08:03:02.934611,255,301079.0,,,,,,3335657.0
2016-04-09 08:06:02.410075,255,305303.0,,,,,,3339882.0
2016-04-09 08:09:01.926686,255,312410.0,,,,,,3346988.0
2016-04-09 08:12:02.430167,255,314184.0,,,,,,3348683.0
2016-04-09 08:15:02.000447,256,319081.0,,,,,,3353580.0
2016-04-09 08:18:02.492239,256,324502.0,,,,,,3359001.0
2016-04-09 08:21:02.017120,256,333420.0,,,,,,3367919.0
2016-04-09 08:24:02.577039,256,338522.0,,,,,,3372936.0
2016-04-09 08:27:02.291233,257,345667.0,,,,,,3380081.0
2016-04-09 08:30:03.202758,257,350119.0,,,,,,3384533.0
2016-04-09 08:33:02.721670,257,353592.0,,,,,,3388006.0
2016-04-09 08:36:02.292963,257,360131.0,,,,,,3394454.0
2016-04-09 08:39:02.192995,258,367322.0,,,,,,3401645.0
2016-04-09 08:39:41.338295,258,370022.0,,,,,,3404345.0
2016-04-09 08:42:02.723642,258,375422.0,,,,,,3409745.0
2016-04-09 08:45:02.876082,258,378885.0,,,,,,3413209.0
2016-04-09 08:48:01.888795,258,384379.0,,,,,,3418605.0
2016-04-09 08:51:01.860058,259,395179.0,,,,,,3429405.0
2016-04-09 08:54:01.955504,259,400522.0,,,,,,3434749.0
2016-04-09 08:57:01.916428,259,404122.0,,,,,,3438349.0
2016-04-09 09:00:02.031180,259,422945.0,,,,,,3457067.0
2016-04-09 09:03:02.340543,260,426545.0,,,,,,3460667.0
2016-04-09 09:06:02.412540,260,431945.0,,,,,,3466067.0
2016-04-09 09:09:02.368183,260,439145.0,,,,,,3473267.0
2016-04-09 09:12:02.417892,260,445557.0,,,,,,3479567.0
2016-04-09 09:15:02.372264,261,457257.0,,,,,,3491267.0
2016-04-09 09:18:02.324606,261,463557.0,,,,,,3497567.0
2016-04-09 09:21:02.278083,261,465357.0,,,,,,3499367.0
2016-04-09 09:24:02.263598,261,477178.0,,,,,,3511067.0
2016-04-09 09:27:02.486954,262,484378.0,,,,,,3518267.0
2016-04-09 09:30:02.632820,262,491578.0,,,,,,3525467.0
2016-04-09 09:33:02.719704,262,496978.0,,,,,,3530867.0
2016-04-09 09:36:02.919766,262,501605.0,,,,,,3535367.0
2016-04-09 09:36:04.610995,263,501605.0,,,,,,3535367.0
2016-04-09 09:39:02.143830,263,503405.0,,,,,,3537167.0
2016-04-09 09:39:04.087898,263,503405.0,,,,,,3537167.0
2016-04-09 09:42:02.867657,263,505205.0,,,,,,3538967.0
2016-04-09 09:42:04.484998,263,505205.0,,,,,,3538967.0
2016-04-09 09:45:02.057042,263,517805.0,,,,,,3551567.0
2016-04-09 09:45:03.633696,263,517805.0,,,,,,3551567.0
2016-04-09 09:48:02.488353,263,521538.0,,,,,,3555167.0
2016-04-09 09:48:04.104083,264,521538.0,,,,,,3555167.0
2016-04-09 09:51:02.821990,264,524238.0,,,,,,3557867.0
2016-04-09 09:51:04.383489,264,524238.0,,,,,,3557867.0
2016-04-09 09:54:02.144716,264,539409.0,,,,,,3573038.0
2016-04-09 09:54:03.713569,264,539409.0,,,,,,3573038.0
2016-04-09 09:57:02.499923,264,543009.0,,,,,,3576638.0
2016-04-09 09:57:04.076227,264,543009.0,,,,,,3576638.0
2016-04-09 10:00:02.612439,264,545848.0,,,,,,3579338.0
2016-04-09 10:00:04.259543,265,545848.0,,,,,,3579338.0
2016-04-09 10:03:02.740220,265,549209.0,,,,,,3582698.0
2016-04-09 10:03:04.390910,265,549209.0,,,,,,3582698.0
2016-04-09 10:06:02.108070,265,555357.0,,,,,,3588846.0
2016-04-09 10:06:04.052581,265,555357.0,,,,,,3588846.0
2016-04-09 10:09:02.960527,265,561578.0,,,,,,3595067.0
2016-04-09 10:09:04.497285,265,561578.0,,,,,,3595067.0
2016-04-09 10:12:02.104100,265,570586.0,,,,,,3603930.0
2016-04-09 10:12:03.758155,266,570586.0,,,,,,3603930.0
2016-04-09 10:15:02.483296,266,575986.0,,,,,,3609330.0
2016-04-09 10:15:04.054738,266,575986.0,,,,,,3609330.0
2016-04-09 10:18:02.813037,266,580482.0,,,,,,3613826.0
2016-04-09 10:18:04.507668,266,580482.0,,,,,,3613826.0
2016-04-09 10:21:02.123530,266,586740.0,,,,,,3620084.0
2016-04-09 10:21:03.787795,266,586740.0,,,,,,3620084.0
2016-04-09 10:24:03.127171,267,590491.0,,,,,,3623684.0
2016-04-09 10:24:05.338932,267,590491.0,,,,,,3623684.0
2016-04-09 10:27:01.969369,267,603091.0,,,,,,3636284.0
2016-04-09 10:27:03.805272,267,603091.0,,,,,,3636284.0
2016-04-09 10:30:02.884556,267,612091.0,,,,,,3645284.0
2016-04-09 10:30:04.449824,267,612091.0,,,,,,3645284.0
2016-04-09 10:33:02.011501,267,310791.0,,,,,,3653384.0
2016-04-09 10:36:02.166682,267,314532.0,,,,,,3656984.0
2016-04-09 10:39:02.368559,268,315432.0,,,,,,3657884.0
2016-04-09 10:42:02.566084,268,325331.0,,,,,,3667783.0
2016-04-09 10:45:02.566222,268,336131.0,,,,,,3678583.0
2016-04-09 10:48:02.568951,268,338016.0,,,,,,3680383.0
2016-04-09 10:51:02.591019,269,339677.0,,,,,,3682044.0
2016-04-09 10:54:02.603498,269,356510.0,,,,,,3698877.0
2016-04-09 10:57:02.458794,269,360110.0,,,,,,3702477.0
2016-04-09 11:00:02.642337,269,364702.0,,,,,,3706977.0
2016-04-09 11:03:02.647580,270,373702.0,,,,,,3715977.0
2016-04-09 11:06:02.684271,270,385402.0,,,,,,3727677.0
2016-04-09 11:09:02.696129,270,388102.0,,,,,,3730377.0
2016-04-09 11:12:02.778997,270,389101.0,,,,,,3731277.0
2016-04-09 11:15:01.948700,271,405112.0,,,,,,3747288.0
2016-04-09 11:18:02.012601,271,408712.0,,,,,,3750888.0
2016-04-09 11:21:02.374192,271,415912.0,,,,,,3758088.0
2016-04-09 11:24:02.502977,271,422318.0,,,,,,3764388.0
2016-04-09 11:27:02.624214,272,429518.0,,,,,,3771588.0
2016-04-09 11:30:02.609087,272,433118.0,,,,,,3775188.0
2016-04-09 11:33:02.649436,272,439418.0,,,,,,3781488.0
2016-04-09 11:36:02.684775,272,444926.0,,,,,,3786883.0
2016-04-09 11:39:02.877470,273,448476.0,,,,,,3790433.0
2016-04-09 11:42:01.928592,273,458286.0,,,,,,3800243.0
2016-04-09 11:45:01.881103,273,463686.0,,,,,,3805643.0
2016-04-09 11:45:03.430981,273,463686.0,,,,,,3805643.0
2016-04-09 11:45:24.308360,273,463686.0,,,,,,3805643.0
2016-04-09 11:45:49.688539,273,464586.0,,,,,,3806543.0
2016-04-09 11:48:02.060398,273,467231.0,,,,,,3809069.0
2016-04-09 11:48:03.673136,274,467231.0,,,,,,3809069.0
2016-04-09 11:51:02.471020,274,477916.0,,,,,,3819754.0
2016-04-09 11:54:02.820763,274,483316.0,,,,,,3825154.0
2016-04-09 11:57:02.790687,274,484216.0,,,,,,3826054.0
2016-04-09 12:00:02.898291,274,493804.0,,,,,,3835517.0
2016-04-09 12:03:02.277369,275,499204.0,,,,,,3840917.0
2016-04-09 12:06:02.324388,275,504545.0,,,,,,3846258.0
2016-04-09 12:09:02.360753,275,506204.0,,,,,,3847917.0
2016-04-09 12:12:07.393024,276,509353.0,,,,,,3850935.0
2016-04-09 12:15:02.474677,276,514089.0,,,,,,3855671.0
2016-04-09 12:18:02.509237,276,520137.0,,,,,,3861718.0
2016-04-09 12:21:02.889375,276,527257.0,,,,,,3868839.0
2016-04-09 12:24:01.976903,276,534330.0,,,,,,3875776.0
2016-04-09 12:27:02.420146,277,542430.0,,,,,,3883876.0
2016-04-09 12:30:02.418182,277,546930.0,,,,,,3888376.0
2016-04-09 12:33:02.542246,277,555930.0,,,,,,3897376.0
2016-04-09 12:36:02.348680,277,558773.0,,,,,,3900076.0
2016-04-09 12:39:02.468526,278,562231.0,,,,,,3903534.0
2016-04-09 12:42:02.643470,278,572515.0,,,,,,3913819.0
2016-04-09 12:45:02.703084,278,575860.0,,,,,,3917163.0
2016-04-09 12:48:02.739145,278,579778.0,,,,,,3920933.0
2016-04-09 12:51:02.866932,279,583835.0,,,,,,3924990.0
2016-04-09 12:54:02.311299,279,591427.0,,,,,,3932582.0
2016-04-09 12:57:02.686975,279,599504.0,,,,,,3940659.0
2016-04-09 13:00:02.956981,279,604084.0,,,,,,3945084.0
2016-04-09 13:03:02.142628,280,610372.0,,,,,,3951373.0
2016-04-09 13:06:02.213607,280,613655.0,,,,,,3954656.0
2016-04-09 13:09:02.239961,280,621844.0,,,,,,3962844.0
2016-04-09 13:12:02.295008,280,626226.0,,,,,,3967067.0
2016-04-09 13:15:02.360038,281,632813.0,,,,,,3973653.0
2016-04-09 13:18:02.444705,281,638601.0,,,,,,3979441.0
2016-04-09 13:21:02.461362,281,645625.0,,,,,,3986466.0
2016-04-09 13:21:04.056849,281,645625.0,,,,,,3986466.0
2016-04-09 13:24:02.863993,281,652923.0,,,,,,3993597.0
2016-04-09 13:24:35.847754,282,653793.0,,,,,,3994467.0
2016-04-09 13:26:19.125069,282,656493.0,,,,,,3997167.0
2016-04-09 13:27:02.640622,282,657393.0,,,,,,3998067.0
2016-04-09 13:27:04.149647,282,657393.0,,,,,,3998067.0
2016-04-09 13:27:57.167547,282,659193.0,,,,,,3999867.0
2016-04-09 13:28:36.134415,282,660093.0,,,,,,4000767.0
2016-04-09 13:29:19.380841,282,663577.0,,,,,,4004251.0
2016-04-09 13:30:02.792536,282,663577.0,,,,,,4004251.0
2016-04-09 13:30:04.316069,282,663577.0,,,,,,4004251.0
2016-04-09 13:33:02.377982,282,672115.0,,,,,,4012789.0
2016-04-09 13:33:03.865190,282,672115.0,,,,,,4012789.0
2016-04-09 13:36:02.536487,282,680281.0,,,,,,4020782.0
2016-04-09 13:36:04.119074,283,680281.0,,,,,,4020782.0
2016-04-09 13:39:02.307862,283,686575.0,,,,,,4027075.0
2016-04-09 13:39:02.753863,283,686575.0,,,,,,4027075.0
2016-04-09 13:39:03.869096,283,686575.0,,,,,,4027075.0
2016-04-09 13:42:02.606491,283,694609.0,,,,,,4035110.0
2016-04-09 13:42:04.217400,283,695509.0,,,,,,4036010.0
2016-04-09 13:45:02.739611,283,699109.0,,,,,,4039610.0
2016-04-09 13:45:04.269645,283,699109.0,,,,,,4039610.0
2016-04-09 13:48:02.300112,283,708174.0,,,,,,4048494.0
2016-04-09 13:48:03.906896,284,708174.0,,,,,,4048494.0
2016-04-09 13:51:02.700722,284,716360.0,,,,,,4056680.0
2016-04-09 13:51:04.200800,284,716360.0,,,,,,4056680.0
2016-04-09 13:54:02.032701,284,720360.0,,,,,,4060680.0
2016-04-09 13:54:03.608290,284,720360.0,,,,,,4060680.0
2016-04-09 13:57:02.444798,284,722728.0,,,,,,4063048.0
2016-04-09 13:57:03.973704,284,722728.0,,,,,,4063048.0
2016-04-09 14:00:02.872962,284,729028.0,,,,,,4069161.0
2016-04-09 14:00:04.555143,285,729028.0,,,,,,4069161.0
2016-04-09 14:03:02.222047,285,733873.0,,,,,,4074005.0
2016-04-09 14:03:03.813448,285,733873.0,,,,,,4074005.0
2016-04-09 14:06:02.362920,285,735774.0,,,,,,4075906.0
2016-04-09 14:06:03.858726,285,736378.0,,,,,,4076510.0
2016-04-09 14:09:02.468858,285,739588.0,,,,,,4079720.0
2016-04-09 14:09:04.017690,285,739588.0,,,,,,4079720.0
2016-04-09 14:12:02.978790,285,745346.0,,,,,,4085286.0
2016-04-09 14:12:04.543238,286,745346.0,,,,,,4085286.0
2016-04-09 14:15:02.211069,286,753840.0,,,,,,4093781.0
2016-04-09 14:15:03.730549,286,753840.0,,,,,,4093781.0
2016-04-09 14:18:02.530315,286,760240.0,,,,,,4100181.0
2016-04-09 14:18:04.064454,286,760240.0,,,,,,4100181.0
2016-04-09 14:21:02.840193,286,765040.0,,,,,,4104981.0
2016-04-09 14:21:04.350139,286,765040.0,,,,,,4104981.0
2016-04-09 14:24:02.936398,286,766838.0,,,,,,4106581.0
2016-04-09 14:24:04.514703,287,766838.0,,,,,,4106581.0
2016-04-09 14:27:02.198488,287,771527.0,,,,,,4111269.0
2016-04-09 14:27:03.827434,287,771527.0,,,,,,4111269.0
2016-04-09 14:30:02.744868,287,778505.0,,,,,,4118247.0
2016-04-09 14:30:04.303931,287,778505.0,,,,,,4118247.0
2016-04-09 14:33:02.206195,287,781874.0,,,,,,4121616.0
2016-04-09 14:33:03.722645,287,781874.0,,,,,,4121616.0
2016-04-09 14:36:02.243054,287,786052.0,,,,,,4125591.0
2016-04-09 14:36:03.849071,288,786052.0,,,,,,4125591.0
2016-04-09 14:39:02.601725,288,790145.0,,,,,,4129684.0
2016-04-09 14:39:04.105351,288,790145.0,,,,,,4129684.0
2016-04-09 14:42:02.920598,288,794849.0,,,,,,4134388.0
2016-04-09 14:42:04.480561,288,794849.0,,,,,,4134388.0
2016-04-09 14:45:02.009334,288,797151.0,,,,,,4136691.0
2016-04-09 14:45:03.515927,288,797151.0,,,,,,4136691.0
2016-04-09 14:48:02.426094,288,801165.0,,,,,,4140498.0
2016-04-09 14:48:04.014788,288,801881.0,,,,,,4141214.0
2016-04-09 14:51:02.577385,289,806832.0,,,,,,4146164.0
2016-04-09 14:51:04.148728,289,806832.0,,,,,,4146164.0
2016-04-09 14:54:02.771686,289,810465.0,,,,,,4149798.0
2016-04-09 14:54:04.293423,289,810465.0,,,,,,4149798.0
2016-04-09 14:57:02.054048,289,814515.0,,,,,,4153848.0
2016-04-09 14:57:03.577799,289,815204.0,,,,,,4154536.0
2016-04-09 15:00:02.185395,289,821361.0,,,,,,4160482.0
2016-04-09 15:00:03.843446,290,821361.0,,,,,,4160482.0
2016-04-09 15:03:02.648001,290,816799.0,,,,,,4168320.0
2016-04-09 15:03:04.177179,290,816799.0,,,,,,4168320.0
2016-04-09 15:06:01.928796,290,822939.0,,,,,,4174460.0
2016-04-09 15:06:03.436277,290,822939.0,,,,,,4174460.0
2016-04-09 15:09:02.044065,290,831039.0,,,,,,4182560.0
2016-04-09 15:09:03.565349,290,831039.0,,,,,,4182560.0
2016-04-09 15:12:02.373373,290,838453.0,,,,,,4189760.0
2016-04-09 15:12:03.964985,291,838453.0,,,,,,4189760.0
2016-04-09 15:15:02.829931,291,848353.0,,,,,,4199660.0
2016-04-09 15:15:04.453393,291,848353.0,,,,,,4199660.0
2016-04-09 15:18:02.048591,291,857353.0,,,,,,4208660.0
2016-04-09 15:18:03.669885,291,857353.0,,,,,,4208660.0
2016-04-09 15:21:02.806245,291,860953.0,,,,,,4212260.0
2016-04-09 15:21:04.355607,291,860953.0,,,,,,4212260.0
2016-04-09 15:24:02.084657,291,871076.0,,,,,,4222160.0
2016-04-09 15:24:03.760285,292,871076.0,,,,,,4222160.0
2016-04-09 15:27:02.494510,292,880076.0,,,,,,4231160.0
2016-04-09 15:27:04.042488,292,880076.0,,,,,,4231160.0
2016-04-09 15:30:02.264573,292,884576.0,,,,,,4235660.0
2016-04-09 15:30:03.786777,292,884576.0,,,,,,4235660.0
2016-04-09 15:33:02.637374,292,889976.0,,,,,,4241060.0
2016-04-09 15:33:04.515844,292,889976.0,,,,,,4241060.0
2016-04-09 15:36:02.348648,292,896507.0,,,,,,4247360.0
2016-04-09 15:36:03.913825,293,896507.0,,,,,,4247360.0
2016-04-09 15:39:02.579095,293,902807.0,,,,,,4253660.0
2016-04-09 15:39:04.135840,293,902807.0,,,,,,4253660.0
2016-04-09 15:42:02.281295,293,910007.0,,,,,,4260860.0
2016-04-09 15:42:03.803244,293,910007.0,,,,,,4260860.0
2016-04-09 15:45:02.612600,293,915407.0,,,,,,4266260.0
2016-04-09 15:45:04.148696,293,915407.0,,,,,,4266260.0
2016-04-09 15:48:02.938066,293,918987.0,,,,,,4269603.0
2016-04-09 15:48:04.489246,294,918987.0,,,,,,4269603.0
2016-04-09 15:51:02.131172,294,922268.0,,,,,,4272884.0
2016-04-09 15:51:03.649966,294,922268.0,,,,,,4272884.0
2016-04-09 15:54:02.672718,294,925428.0,,,,,,4276044.0
2016-04-09 15:54:04.245017,294,925428.0,,,,,,4276044.0
2016-04-09 15:57:02.066799,294,931058.0,,,,,,4281674.0
2016-04-09 15:57:03.568905,294,931058.0,,,,,,4281674.0
2016-04-09 16:00:02.614752,294,934642.0,,,,,,4285016.0
2016-04-09 16:00:04.184716,295,934642.0,,,,,,4285016.0
2016-04-09 16:03:02.031200,295,941090.0,,,,,,4291465.0
2016-04-09 16:03:03.549687,295,941090.0,,,,,,4291465.0
2016-04-09 16:06:02.387861,295,947868.0,,,,,,4298242.0
2016-04-09 16:06:03.918945,295,947868.0,,,,,,4298242.0
2016-04-09 16:09:02.687015,295,954868.0,,,,,,4305242.0
2016-04-09 16:09:04.198949,295,954868.0,,,,,,4305242.0
2016-04-09 16:12:02.563489,295,961115.0,,,,,,4311242.0
2016-04-09 16:12:04.121783,296,961115.0,,,,,,4311242.0
2016-04-09 16:15:02.756753,296,973115.0,,,,,,4323242.0
2016-04-09 16:15:04.250197,296,973115.0,,,,,,4323242.0
2016-04-09 16:18:02.206556,296,977115.0,,,,,,4327242.0
2016-04-09 16:18:03.744053,296,977115.0,,,,,,4327242.0
2016-04-09 16:21:02.575964,296,985115.0,,,,,,4335242.0
2016-04-09 16:21:04.089136,296,985115.0,,,,,,4335242.0
2016-04-09 16:24:02.396389,296,989370.0,,,,,,4339242.0
2016-04-09 16:24:03.973796,297,989370.0,,,,,,4339242.0
2016-04-09 16:27:02.676593,297,996370.0,,,,,,4346242.0
2016-04-09 16:27:04.199360,297,996370.0,,,,,,4346242.0
2016-04-09 16:30:02.040222,297,1004370.0,,,,,,4354242.0
2016-04-09 16:30:03.550775,297,1004370.0,,,,,,4354242.0
2016-04-09 16:33:02.168939,297,1010370.0,,,,,,4360242.0
2016-04-09 16:33:03.775785,297,1010370.0,,,,,,4360242.0
2016-04-09 16:36:03.023307,297,1020631.0,,,,,,4370242.0
2016-04-09 16:36:04.748522,298,1020631.0,,,,,,4370242.0
2016-04-09 16:39:02.523432,298,1024631.0,,,,,,4374242.0
2016-04-09 16:39:04.076722,298,1024631.0,,,,,,4374242.0
2016-04-09 16:42:02.762711,298,1034631.0,,,,,,4384242.0
2016-04-09 16:42:04.315950,298,1034631.0,,,,,,4384242.0
2016-04-09 16:45:02.159667,298,1038631.0,,,,,,4388242.0
2016-04-09 16:45:03.674163,298,1038631.0,,,,,,4388242.0
2016-04-09 16:48:02.565128,298,1047901.0,,,,,,4397242.0
2016-04-09 16:48:04.118253,299,1047901.0,,,,,,4397242.0
2016-04-09 16:51:01.964425,299,1050901.0,,,,,,4400242.0
2016-04-09 16:51:03.517702,299,1050901.0,,,,,,4400242.0
2016-04-09 16:54:02.314047,299,1057901.0,,,,,,4407242.0
2016-04-09 16:54:03.928032,299,1057901.0,,,,,,4407242.0
2016-04-09 16:57:02.686499,299,1066901.0,,,,,,4416242.0
2016-04-09 16:57:04.180214,299,1066901.0,,,,,,4416242.0
2016-04-09 17:00:02.744076,299,1072177.0,,,,,,4421242.0
2016-04-09 17:00:04.330409,300,1072177.0,,,,,,4421242.0
2016-04-09 17:03:02.158763,300,1078177.0,,,,,,4427242.0
2016-04-09 17:03:03.671344,300,1078177.0,,,,,,4427242.0
2016-04-09 17:06:02.673311,300,1084177.0,,,,,,4433242.0
2016-04-09 17:06:04.188525,300,1084177.0,,,,,,4433242.0
2016-04-09 17:09:02.000837,300,1089177.0,,,,,,4438242.0
2016-04-09 17:09:03.610241,300,1089177.0,,,,,,4438242.0
2016-04-09 17:12:02.446867,300,1096460.0,,,,,,4445242.0
2016-04-09 17:12:04.102584,301,1096460.0,,,,,,4445242.0
2016-04-09 17:15:03.023116,301,1102460.0,,,,,,4451242.0
2016-04-09 17:15:04.557701,301,1102460.0,,,,,,4451242.0
2016-04-09 17:18:02.389356,301,1112460.0,,,,,,4461242.0
2016-04-09 17:18:03.975763,301,1112460.0,,,,,,4461242.0
2016-04-09 17:21:02.830408,301,1117460.0,,,,,,4466242.0
2016-04-09 17:21:04.465188,301,1117460.0,,,,,,4466242.0
2016-04-09 17:24:02.190755,301,1123750.0,,,,,,4472242.0
2016-04-09 17:24:03.793206,302,1123750.0,,,,,,4472242.0
2016-04-09 17:27:02.585714,302,1130750.0,,,,,,4479242.0
2016-04-09 17:27:04.142608,302,1130750.0,,,,,,4479242.0
2016-04-09 17:30:02.842001,302,1134750.0,,,,,,4483242.0
2016-04-09 17:30:04.388242,302,1134750.0,,,,,,4483242.0
2016-04-09 17:33:02.372163,302,1138750.0,,,,,,4487242.0
2016-04-09 17:33:03.899960,302,1138750.0,,,,,,4487242.0
2016-04-09 17:36:02.745262,302,1143046.0,,,,,,4491242.0
2016-04-09 17:39:02.659960,303,1148046.0,,,,,,4496242.0
2016-04-09 17:39:04.196747,303,1148046.0,,,,,,4496242.0
2016-04-09 17:42:02.056123,303,1157046.0,,,,,,4505242.0
2016-04-09 17:42:03.585691,303,1157046.0,,,,,,4505242.0
2016-04-09 17:45:02.410474,303,1158046.0,,,,,,4506242.0
2016-04-09 17:45:03.962477,303,1158046.0,,,,,,4506242.0
2016-04-09 17:48:02.940501,303,1162347.0,,,,,,4510242.0
2016-04-09 17:48:04.482151,304,1162347.0,,,,,,4510242.0
2016-04-09 17:51:02.098268,304,1166347.0,,,,,,4514242.0
2016-04-09 17:51:03.613417,304,1166347.0,,,,,,4514242.0
2016-04-09 17:54:02.493597,304,1172347.0,,,,,,4520242.0
2016-04-09 17:54:03.996834,304,1172347.0,,,,,,4520242.0
2016-04-09 17:57:02.749866,304,1176347.0,,,,,,4524242.0
2016-04-09 17:57:04.231862,304,1176347.0,,,,,,4524242.0
2016-04-09 18:00:02.911930,304,1182652.0,,,,,,4530242.0
2016-04-09 18:00:04.496555,305,873252.0,,,,,,4530242.0
2016-04-09 18:03:02.492874,305,879252.0,,,,,,4536242.0
2016-04-09 18:03:04.019548,305,879252.0,,,,,,4536242.0
2016-04-09 18:06:02.840477,305,882252.0,,,,,,4539242.0
2016-04-09 18:06:04.380064,305,882252.0,,,,,,4539242.0
2016-04-09 18:09:02.107708,305,887252.0,,,,,,4544242.0
2016-04-09 18:09:03.609523,305,887252.0,,,,,,4544242.0
2016-04-09 18:12:02.277526,305,892487.0,,,,,,4549242.0
2016-04-09 18:12:03.902559,306,892487.0,,,,,,4549242.0
2016-04-09 18:15:03.063046,306,896487.0,,,,,,4553242.0
2016-04-09 18:15:04.593595,306,896487.0,,,,,,4553242.0
2016-04-09 18:18:02.221275,306,900487.0,,,,,,4557242.0
2016-04-09 18:18:03.748080,306,900487.0,,,,,,4557242.0
2016-04-09 18:21:02.506755,306,905487.0,,,,,,4562242.0
2016-04-09 18:21:04.052627,306,905487.0,,,,,,4562242.0
2016-04-09 18:24:02.784487,306,909722.0,,,,,,4566242.0
2016-04-09 18:24:04.353840,307,909722.0,,,,,,4566242.0
2016-04-09 18:27:02.685716,307,913722.0,,,,,,4570242.0
2016-04-09 18:27:04.181470,307,913722.0,,,,,,4570242.0
2016-04-09 18:30:01.899305,307,918722.0,,,,,,4575242.0
2016-04-09 18:30:03.435215,307,918722.0,,,,,,4575242.0
2016-04-09 18:33:02.235441,307,923722.0,,,,,,4580242.0
2016-04-09 18:33:04.137872,307,923722.0,,,,,,4580242.0
2016-04-09 18:36:01.954406,307,924962.0,,,,,,4581242.0
2016-04-09 18:36:03.812841,308,924962.0,,,,,,4581242.0
2016-04-09 18:39:02.636354,308,929962.0,,,,,,4586242.0
2016-04-09 18:39:04.473904,308,929962.0,,,,,,4586242.0
2016-04-09 18:42:02.158652,308,934962.0,,,,,,4591242.0
2016-04-09 18:42:03.648769,308,934962.0,,,,,,4591242.0
2016-04-09 18:45:02.504268,308,939962.0,,,,,,4596242.0
2016-04-09 18:45:03.980856,308,939962.0,,,,,,4596242.0
2016-04-09 18:48:02.806623,308,941205.0,,,,,,4597242.0
2016-04-09 18:48:04.378312,309,941205.0,,,,,,4597242.0
2016-04-09 18:51:02.850887,309,944205.0,,,,,,4600242.0
2016-04-09 18:51:04.354869,309,944205.0,,,,,,4600242.0
2016-04-09 18:54:02.026390,309,952205.0,,,,,,4608242.0
2016-04-09 18:54:03.554344,309,952205.0,,,,,,4608242.0
2016-04-09 18:57:02.333799,309,955205.0,,,,,,4611242.0
2016-04-09 18:57:03.831987,309,955205.0,,,,,,4611242.0
2016-04-09 19:00:02.674988,309,959453.0,,,,,,4615242.0
2016-04-09 19:00:04.270644,310,959453.0,,,,,,4615242.0
2016-04-09 19:03:02.002539,310,963453.0,,,,,,4619242.0
2016-04-09 19:03:03.507751,310,963453.0,,,,,,4619242.0
2016-04-09 19:06:02.258955,310,968453.0,,,,,,4624242.0
2016-04-09 19:06:03.780623,310,968453.0,,,,,,4624242.0
2016-04-09 19:09:02.732628,310,973453.0,,,,,,4629242.0
2016-04-09 19:09:04.258753,310,973453.0,,,,,,4629242.0
2016-04-09 19:12:02.059998,310,976706.0,,,,,,4632242.0
2016-04-09 19:12:03.589113,311,976706.0,,,,,,4632242.0
2016-04-09 19:15:02.269969,311,983706.0,,,,,,4639242.0
2016-04-09 19:15:03.760151,311,983706.0,,,,,,4639242.0
2016-04-09 19:18:02.779986,311,985706.0,,,,,,4641242.0
2016-04-09 19:18:04.282753,311,985706.0,,,,,,4641242.0
2016-04-09 19:21:02.071068,311,988706.0,,,,,,4644242.0
2016-04-09 19:21:03.959461,311,988706.0,,,,,,4644242.0
2016-04-09 19:24:02.830611,311,996963.0,,,,,,4652242.0
2016-04-09 19:24:04.375781,312,996963.0,,,,,,4652242.0
2016-04-09 19:27:02.032926,312,1000963.0,,,,,,4656242.0
2016-04-09 19:27:03.550790,312,1000963.0,,,,,,4656242.0
2016-04-09 19:30:02.504326,312,1005963.0,,,,,,4661242.0
2016-04-09 19:30:04.052716,312,1005963.0,,,,,,4661242.0
2016-04-09 19:33:02.834185,312,1007963.0,,,,,,4663242.0
2016-04-09 19:33:04.354404,312,1007963.0,,,,,,4663242.0
2016-04-09 19:36:02.199541,312,1013225.0,,,,,,4668242.0
2016-04-09 19:36:03.808904,313,1013225.0,,,,,,4668242.0
2016-04-09 19:39:02.521648,313,1020225.0,,,,,,4675242.0
2016-04-09 19:39:04.047982,313,1020225.0,,,,,,4675242.0
2016-04-09 19:42:02.901878,313,1020225.0,,,,,,4675242.0
2016-04-09 19:42:04.418597,313,1020225.0,,,,,,4675242.0
2016-04-09 19:45:02.192712,313,1020225.0,,,,,,4675242.0
2016-04-09 19:45:03.796175,313,1020225.0,,,,,,4675242.0
2016-04-09 19:48:02.690579,313,1020492.0,,,,,,4675242.0
2016-04-09 19:48:04.328563,314,1020492.0,,,,,,4675242.0
2016-04-09 19:51:02.169822,314,1020492.0,,,,,,4675242.0
2016-04-09 19:51:03.691832,314,1020492.0,,,,,,4675242.0
2016-04-09 19:54:02.508236,314,1020492.0,,,,,,4675242.0
2016-04-09 19:54:04.051569,314,1020492.0,,,,,,4675242.0
2016-04-09 19:57:02.907535,314,1020492.0,,,,,,4675242.0
2016-04-09 19:57:04.483405,314,1020492.0,,,,,,4675242.0
2016-04-09 20:00:02.218370,314,1020758.0,,,,,,4675242.0
2016-04-09 20:00:03.768536,315,1020758.0,,,,,,4675242.0
2016-04-09 20:03:02.655648,315,1020758.0,,,,,,4675242.0
2016-04-09 20:03:04.176705,315,1020758.0,,,,,,4675242.0
2016-04-09 20:06:01.962808,315,1020758.0,,,,,,4675242.0
2016-04-09 20:06:03.461389,315,1020758.0,,,,,,4675242.0
2016-04-09 20:09:02.259964,315,1020758.0,,,,,,4675242.0
2016-04-09 20:09:03.757782,315,1020758.0,,,,,,4675242.0
2016-04-09 20:12:02.638084,315,1021025.0,,,,,,4675242.0
2016-04-09 20:12:04.223494,316,1021025.0,,,,,,4675242.0
2016-04-09 20:15:02.049502,316,1021025.0,,,,,,4675242.0
2016-04-09 20:15:03.658505,316,1021025.0,,,,,,4675242.0
2016-04-09 20:18:02.590119,316,1021025.0,,,,,,4675242.0
2016-04-09 20:18:04.202526,316,1021025.0,,,,,,4675242.0
2016-04-09 20:21:02.063638,316,1021025.0,,,,,,4675242.0
2016-04-09 20:21:03.574369,316,1021025.0,,,,,,4675242.0
2016-04-09 20:24:02.422078,316,1021291.0,,,,,,4675242.0
2016-04-09 20:24:04.054637,317,1021291.0,,,,,,4675242.0
2016-04-09 20:27:03.016755,317,1021291.0,,,,,,4675242.0
2016-04-09 20:27:04.539480,317,1021291.0,,,,,,4675242.0
2016-04-09 20:30:02.126606,317,1021291.0,,,,,,4675242.0
2016-04-09 20:30:03.680020,317,1021291.0,,,,,,4675242.0
2016-04-09 20:33:02.385622,317,1021291.0,,,,,,4675242.0
2016-04-09 20:33:03.895437,317,1021291.0,,,,,,4675242.0
2016-04-09 20:36:02.745150,317,1021558.0,,,,,,4675242.0
2016-04-09 20:36:04.301832,318,1021558.0,,,,,,4675242.0
2016-04-09 20:39:02.099005,318,1021558.0,,,,,,4675242.0
2016-04-09 20:39:03.659432,318,1021558.0,,,,,,4675242.0
2016-04-09 20:42:02.522907,318,1021558.0,,,,,,4675242.0
2016-04-09 20:42:04.122366,318,1021558.0,,,,,,4675242.0
2016-04-09 20:45:02.153529,318,1021558.0,,,,,,4675242.0
2016-04-09 20:45:03.651895,318,1021558.0,,,,,,4675242.0
2016-04-09 20:48:02.581530,318,1021825.0,,,,,,4675242.0
2016-04-09 20:48:04.208910,319,1021825.0,,,,,,4675242.0
2016-04-09 20:51:02.112311,319,1021825.0,,,,,,4675242.0
2016-04-09 20:51:03.582928,319,1021825.0,,,,,,4675242.0
2016-04-09 20:54:02.684661,319,1021825.0,,,,,,4675242.0
2016-04-09 20:54:04.189827,319,1021825.0,,,,,,4675242.0
2016-04-09 20:57:01.953564,319,1021825.0,,,,,,4675242.0
2016-04-09 20:57:03.447421,319,1021825.0,,,,,,4675242.0
2016-04-09 21:00:02.346134,319,1022092.0,,,,,,4675242.0
2016-04-09 21:00:03.900950,320,1022092.0,,,,,,4675242.0
2016-04-09 21:03:02.852298,320,1022092.0,,,,,,4675242.0
2016-04-09 21:03:04.404044,320,1022092.0,,,,,,4675242.0
2016-04-09 21:06:02.288159,320,1025092.0,,,,,,4678242.0
2016-04-09 21:06:03.875621,320,1025092.0,,,,,,4678242.0
2016-04-09 21:09:02.738875,320,1028092.0,,,,,,4681242.0
2016-04-09 21:09:04.245836,320,1028092.0,,,,,,4681242.0
2016-04-09 21:12:02.050293,320,1033159.0,,,,,,4686042.0
2016-04-09 21:12:03.990851,321,1033159.0,,,,,,4686042.0
2016-04-09 21:15:02.101572,321,1035559.0,,,,,,4688442.0
2016-04-09 21:15:04.175707,321,1035559.0,,,,,,4688442.0
2016-04-09 21:16:16.413619,321,1037056.0,,,,,,4689938.0
2016-04-09 21:18:02.436213,321,1039814.0,,,,,,4692697.0
2016-04-09 21:18:04.348480,321,1039814.0,,,,,,4692697.0
2016-04-09 21:21:03.626002,321,1044335.0,,,,,,4697217.0
2016-04-09 21:21:05.562447,321,1044335.0,,,,,,4697217.0
2016-04-09 21:24:03.224363,321,1053370.0,,,,,,4705981.0
2016-04-09 21:24:04.783994,322,1053370.0,,,,,,4705981.0
2016-04-09 21:27:02.555250,322,1055664.0,,,,,,4708275.0
2016-04-09 21:27:04.507539,322,1055664.0,,,,,,4708275.0
2016-04-09 21:30:02.708848,322,1059403.0,,,,,,4712014.0
2016-04-09 21:30:04.220843,322,1059403.0,,,,,,4712014.0
2016-04-09 21:33:02.617371,322,1062218.0,,,,,,4714829.0
2016-04-09 21:33:04.582147,322,1062218.0,,,,,,4714829.0
2016-04-09 21:36:02.527153,322,1067669.0,,,,,,4720004.0
2016-04-09 21:36:04.062999,323,1067669.0,,,,,,4720004.0
2016-04-09 21:39:02.640482,323,1069392.0,,,,,,4721726.0
2016-04-09 21:39:04.162307,323,1069392.0,,,,,,4721726.0
2016-04-09 21:42:03.720373,323,1072400.0,,,,,,4724735.0
2016-04-09 21:42:05.720051,323,1072400.0,,,,,,4724735.0
2016-04-09 21:45:02.506887,323,1074970.0,,,,,,4727305.0
2016-04-09 21:45:04.593406,323,1074970.0,,,,,,4727305.0
2016-04-09 21:48:02.303996,323,1078752.0,,,,,,4730807.0
2016-04-09 21:48:03.853556,324,1078752.0,,,,,,4730807.0
2016-04-09 21:51:02.624145,324,880875.0,,,,,,4737930.0
2016-04-09 21:51:04.155449,324,880875.0,,,,,,4737930.0
2016-04-09 21:54:02.178148,324,886279.0,,,,,,4743334.0
2016-04-09 21:57:02.660825,324,889385.0,,,,,,4746440.0
2016-04-09 22:00:03.082245,324,894310.0,,,,,,4751129.0
2016-04-09 22:03:02.169501,325,899342.0,,,,,,4756161.0
2016-04-09 22:06:02.300120,325,901388.0,,,,,,4758207.0
2016-04-09 22:09:02.293381,325,903292.0,,,,,,4760111.0
2016-04-09 22:12:02.435130,325,905274.0,,,,,,4761858.0
2016-04-09 22:15:02.492076,326,908817.0,,,,,,4765401.0
2016-04-09 22:18:02.596883,326,918305.0,,,,,,4774889.0
2016-04-09 22:21:02.637616,326,923905.0,,,,,,4780489.0
2016-04-09 22:24:02.751746,326,930544.0,,,,,,4786889.0
2016-04-09 22:27:02.888418,327,933744.0,,,,,,4790089.0
2016-04-09 22:30:02.894961,327,940107.0,,,,,,4796452.0
2016-04-09 22:33:02.816199,327,940824.0,,,,,,4797168.0
2016-04-09 22:36:02.977136,327,945295.0,,,,,,4801395.0
2016-04-09 22:39:02.084280,328,946758.0,,,,,,4802858.0
2016-04-09 22:42:02.074412,328,949123.0,,,,,,4805223.0
2016-04-09 22:45:02.478287,328,952712.0,,,,,,4808812.0
2016-04-09 22:48:02.569527,328,962123.0,,,,,,4817975.0
2016-04-09 22:51:03.020144,329,967109.0,,,,,,4822961.0
2016-04-09 22:54:02.119511,329,973931.0,,,,,,4829783.0
2016-04-09 22:57:02.312099,329,977514.0,,,,,,4833366.0
2016-04-09 23:00:02.433765,329,985827.0,,,,,,4841425.0
2016-04-09 23:03:02.410849,330,993617.0,,,,,,4849215.0
2016-04-09 23:06:02.798727,330,1002217.0,,,,,,4857815.0
2016-04-09 23:09:03.419674,330,1006217.0,,,,,,4861815.0
2016-04-09 23:12:02.499275,330,1011577.0,,,,,,4866915.0
2016-04-09 23:15:02.924451,331,1019677.0,,,,,,4875015.0
2016-04-09 23:18:02.893399,331,1027777.0,,,,,,4883115.0
2016-04-09 23:21:02.907779,331,1036377.0,,,,,,4891715.0
2016-04-09 23:24:02.852797,331,1040645.0,,,,,,4895715.0
2016-04-09 23:27:01.981099,332,1046645.0,,,,,,4901715.0
2016-04-09 23:30:01.956539,332,1050645.0,,,,,,4905715.0
2016-04-09 23:33:01.949828,332,1052645.0,,,,,,4907715.0
2016-04-09 23:36:02.445641,332,1060919.0,,,,,,4915715.0
2016-04-09 23:39:02.488685,333,1070919.0,,,,,,4925715.0
2016-04-09 23:42:02.564000,333,1074919.0,,,,,,4929715.0
2016-04-09 23:45:02.654468,333,1079919.0,,,,,,4934715.0
2016-04-09 23:48:02.721772,333,1084199.0,,,,,,4938715.0
2016-04-09 23:51:02.900097,334,1091199.0,,,,,,4945715.0
2016-04-09 23:54:02.902422,334,1098199.0,,,,,,4952715.0
2016-04-09 23:57:02.878241,334,1101199.0,,,,,,4955715.0
2016-04-10 00:00:02.066766,334,1106485.0,,,,,,4960715.0
2016-04-10 00:03:02.165382,335,1112485.0,,,,,,4966715.0
2016-04-10 00:06:02.601612,335,1119485.0,,,,,,4973715.0
2016-04-10 00:09:02.611386,335,1123485.0,,,,,,4977715.0
2016-04-10 00:12:02.615705,335,1130777.0,,,,,,4984715.0
2016-04-10 00:15:02.660666,336,1133777.0,,,,,,4987715.0
2016-04-10 00:18:02.674552,336,1136777.0,,,,,,4990715.0
2016-04-10 00:21:02.788466,336,1143777.0,,,,,,4997715.0
2016-04-10 00:24:02.903771,336,1147074.0,,,,,,5000715.0
2016-04-10 00:27:02.881758,337,1155074.0,,,,,,5008715.0
2016-04-10 00:30:02.050074,337,1161074.0,,,,,,5014715.0
2016-04-10 00:33:02.031740,337,1169074.0,,,,,,5022715.0
2016-04-10 00:36:02.271038,337,1173377.0,,,,,,5026715.0
2016-04-10 00:39:02.281717,338,1178377.0,,,,,,5031715.0
2016-04-10 00:42:02.645613,338,1184377.0,,,,,,5037715.0
2016-04-10 00:45:02.732287,338,1189377.0,,,,,,5042715.0
2016-04-10 00:48:02.871820,338,1195686.0,,,,,,5048715.0
2016-04-10 00:51:02.012470,339,1199686.0,,,,,,5052715.0
2016-04-10 00:54:02.325796,339,1200686.0,,,,,,5053715.0
2016-04-10 00:57:02.294762,339,1207686.0,,,,,,5060715.0
2016-04-10 01:00:02.772365,339,1217000.0,,,,,,5069715.0
2016-04-10 01:03:02.840648,340,1221000.0,,,,,,5073715.0
2016-04-10 01:06:02.839967,340,1225000.0,,,,,,5077715.0
2016-04-10 01:09:02.785722,340,1230000.0,,,,,,5082715.0
2016-04-10 01:12:02.982274,340,1236320.0,,,,,,5088715.0
2016-04-10 01:15:02.509351,341,1240320.0,,,,,,5092715.0
2016-04-10 01:18:02.639632,341,1247320.0,,,,,,5099715.0
2016-04-10 01:21:02.606609,341,1074320.0,,,,,,5107715.0
2016-04-10 01:24:02.691964,341,1078633.0,,,,,,5111715.0
2016-04-10 01:27:02.792574,342,1083633.0,,,,,,5116715.0
2016-04-10 01:30:02.923528,342,1086633.0,,,,,,5119715.0
2016-04-10 01:33:02.901367,342,1090633.0,,,,,,5123715.0
2016-04-10 01:36:02.953980,342,1097917.0,,,,,,5130715.0
2016-04-10 01:39:02.060513,343,1101917.0,,,,,,5134715.0
2016-04-10 01:42:02.057844,343,1109917.0,,,,,,5142715.0
2016-04-10 01:45:02.014087,343,1117917.0,,,,,,5150715.0
2016-04-10 01:48:02.009079,343,1126206.0,,,,,,5158715.0
2016-04-10 01:51:02.060289,344,1130206.0,,,,,,5162715.0
2016-04-10 01:54:02.183508,344,1137206.0,,,,,,5169715.0
2016-04-10 01:57:02.193515,344,1140206.0,,,,,,5172715.0
2016-04-10 02:00:02.571305,344,1145503.0,,,,,,5177715.0
2016-04-10 02:03:02.680413,345,1149503.0,,,,,,5181715.0
2016-04-10 02:06:02.732140,345,1153503.0,,,,,,5185715.0
2016-04-10 02:09:02.808608,345,1159503.0,,,,,,5191715.0
2016-04-10 02:12:02.889898,345,1165804.0,,,,,,5197715.0
2016-04-10 02:15:03.157365,346,1170804.0,,,,,,5202715.0
2016-04-10 02:18:02.396581,346,1175804.0,,,,,,5207715.0
2016-04-10 02:21:02.589808,346,1180804.0,,,,,,5212715.0
2016-04-10 02:24:02.704303,346,1186111.0,,,,,,5217715.0
2016-04-10 02:27:02.737819,347,1189111.0,,,,,,5220715.0
2016-04-10 02:30:02.084667,347,1190111.0,,,,,,5221715.0
2016-04-10 02:33:02.012561,347,1196111.0,,,,,,5227715.0
2016-04-10 02:36:02.070864,347,1203422.0,,,,,,5234715.0
2016-04-10 02:39:02.110104,348,1206422.0,,,,,,5237715.0
2016-04-10 02:42:02.028848,348,1210422.0,,,,,,5241715.0
2016-04-10 02:45:02.050492,348,1213422.0,,,,,,5244715.0
2016-04-10 02:48:02.140130,348,1217738.0,,,,,,5248715.0
2016-04-10 02:51:02.299896,349,1222738.0,,,,,,5253715.0
2016-04-10 02:54:02.313408,349,1226738.0,,,,,,5257715.0
2016-04-10 02:57:02.351124,349,1226738.0,,,,,,5257715.0
2016-04-10 03:00:02.557685,349,1229058.0,,,,,,5259715.0
2016-04-10 03:03:02.643500,350,1232058.0,,,,,,5262715.0
2016-04-10 03:06:02.590489,350,1238058.0,,,,,,5268715.0
2016-04-10 03:09:02.568522,350,1242058.0,,,,,,5272715.0
2016-04-10 03:12:02.626932,350,1244381.0,,,,,,5274715.0
2016-04-10 03:15:02.724573,351,1247381.0,,,,,,5277715.0
2016-04-10 03:18:02.751127,351,1249381.0,,,,,,5279715.0
2016-04-10 03:21:02.781528,351,1255381.0,,,,,,5285715.0
2016-04-10 03:24:02.779030,351,1261707.0,,,,,,5291715.0
2016-04-10 03:27:02.889196,352,1264707.0,,,,,,5294715.0
2016-04-10 03:30:02.925493,352,1267707.0,,,,,,5297715.0
2016-04-10 03:33:01.948952,352,1268707.0,,,,,,5298715.0
2016-04-10 03:36:02.076784,352,1275038.0,,,,,,5304715.0
2016-04-10 03:39:02.612517,353,1278038.0,,,,,,5307715.0
2016-04-10 03:42:02.562378,353,1281038.0,,,,,,5310715.0
2016-04-10 03:45:02.503589,353,1284038.0,,,,,,5313715.0
2016-04-10 03:48:02.549289,353,1287372.0,,,,,,5316715.0
2016-04-10 03:51:02.526190,354,1289372.0,,,,,,5318715.0
2016-04-10 03:54:02.590380,354,1291372.0,,,,,,5320715.0
2016-04-10 03:57:02.552151,354,1298372.0,,,,,,5327715.0
2016-04-10 04:00:02.670744,354,1301710.0,,,,,,5330715.0
2016-04-10 04:03:02.817749,355,1304710.0,,,,,,5333715.0
2016-04-10 04:06:02.281686,355,1307710.0,,,,,,5336715.0
2016-04-10 04:09:02.194537,355,1314710.0,,,,,,5343715.0
2016-04-10 04:12:02.180881,355,1320052.0,,,,,,5348715.0
2016-04-10 04:15:02.321286,356,1323052.0,,,,,,5351715.0
2016-04-10 04:18:02.600950,356,1326952.0,,,,,,5355615.0
2016-04-10 04:21:02.701839,356,1332952.0,,,,,,5361615.0
2016-04-10 04:24:02.644838,356,1337298.0,,,,,,5365615.0
2016-04-10 04:27:02.732404,357,1339298.0,,,,,,5367615.0
2016-04-10 04:30:02.718059,357,1345298.0,,,,,,5373615.0
2016-04-10 04:33:02.799711,357,1347298.0,,,,,,5375615.0
2016-04-10 04:36:02.910267,357,1349649.0,,,,,,5377615.0
2016-04-10 04:39:02.929467,358,1359649.0,,,,,,5387615.0
2016-04-10 04:42:02.924648,358,1362649.0,,,,,,5390615.0
2016-04-10 04:45:04.432750,358,1366649.0,,,,,,5394615.0
2016-04-10 04:48:05.948507,358,1370004.0,,,,,,5397615.0
2016-04-10 04:51:02.833730,359,1372004.0,,,,,,5399615.0
2016-04-10 04:54:02.876342,359,1380004.0,,,,,,5407615.0
2016-04-10 04:57:02.951146,359,1385004.0,,,,,,5412615.0
2016-04-10 05:00:02.444540,359,1388364.0,,,,,,5415615.0
2016-04-10 05:03:02.613678,360,1396364.0,,,,,,5423615.0
2016-04-10 05:06:02.557502,360,1398364.0,,,,,,5425615.0
2016-04-10 05:09:02.602083,360,1402364.0,,,,,,5429615.0
2016-04-10 05:12:03.095104,360,1404729.0,,,,,,5431615.0
2016-04-10 05:15:02.445205,361,1410729.0,,,,,,5437615.0
2016-04-10 05:18:02.393792,361,1414729.0,,,,,,5441615.0
2016-04-10 05:21:02.401729,361,1419729.0,,,,,,5446615.0
2016-04-10 05:24:02.547944,361,1423099.0,,,,,,5449615.0
2016-04-10 05:27:02.757551,362,1429099.0,,,,,,5455615.0
2016-04-10 05:30:02.830410,362,1434099.0,,,,,,5460615.0
2016-04-10 05:33:03.296146,362,1439099.0,,,,,,5465615.0
2016-04-10 05:36:02.292613,362,1441473.0,,,,,,5467615.0
2016-04-10 05:39:02.382125,363,1447473.0,,,,,,5473615.0
2016-04-10 05:42:02.531847,363,1448473.0,,,,,,5474615.0
2016-04-10 05:45:02.552936,363,1453473.0,,,,,,5479615.0
2016-04-10 05:48:07.598731,364,1459851.0,,,,,,5485615.0
2016-04-10 05:51:02.536074,364,1461851.0,,,,,,5487615.0
2016-04-10 05:54:02.559636,364,1465851.0,,,,,,5491615.0
2016-04-10 05:57:02.708167,364,1470851.0,,,,,,5496615.0
2016-04-10 06:00:02.748439,364,1474234.0,,,,,,5499615.0
2016-04-10 06:03:02.823602,365,1479234.0,,,,,,5504615.0
2016-04-10 06:06:02.828451,365,1485234.0,,,,,,5510615.0
2016-04-10 06:09:02.876754,365,1489234.0,,,,,,5514615.0
2016-04-10 06:12:02.118978,365,1495621.0,,,,,,5520615.0
2016-04-10 06:15:02.212976,366,1501621.0,,,,,,5526615.0
2016-04-10 06:18:02.372926,366,1506621.0,,,,,,5531615.0
2016-04-10 06:21:02.458029,366,1509621.0,,,,,,5534615.0
2016-04-10 06:24:02.685609,366,1513014.0,,,,,,5537615.0
2016-04-10 06:27:02.721388,367,1517014.0,,,,,,5541615.0
2016-04-10 06:30:02.815200,367,1524014.0,,,,,,5548615.0
2016-04-10 06:33:02.936129,367,1528014.0,,,,,,5552615.0
2016-04-10 06:36:02.064155,367,1530412.0,,,,,,5554615.0
2016-04-10 06:39:02.153220,368,1535412.0,,,,,,5559615.0
2016-04-10 06:42:02.223839,368,1540412.0,,,,,,5564615.0
2016-04-10 06:45:02.296909,368,1545412.0,,,,,,5569615.0
2016-04-10 06:48:07.389007,369,1550814.0,,,,,,5574615.0
2016-04-10 06:51:02.451184,369,1553814.0,,,,,,5577615.0
2016-04-10 06:54:02.449760,369,1560814.0,,,,,,5584615.0
2016-04-10 06:57:02.396540,369,1564814.0,,,,,,5588615.0
2016-04-10 07:00:02.442060,369,1569221.0,,,,,,5592615.0
2016-04-10 07:03:02.706741,370,1573221.0,,,,,,5596615.0
2016-04-10 07:06:02.755662,370,1575221.0,,,,,,5598615.0
2016-04-10 07:09:02.890115,370,1577221.0,,,,,,5600615.0
2016-04-10 07:12:03.070082,370,1583632.0,,,,,,5606615.0
2016-04-10 07:15:02.131933,371,1589632.0,,,,,,5612615.0
2016-04-10 07:18:02.457715,371,1594632.0,,,,,,5617615.0
2016-04-10 07:21:02.501400,371,1598632.0,,,,,,5621615.0
2016-04-10 07:24:02.504817,371,1603048.0,,,,,,5625615.0
2016-04-10 07:27:02.511961,372,1607048.0,,,,,,5629615.0
2016-04-10 07:30:02.579863,372,1616048.0,,,,,,5638615.0
2016-04-10 07:33:02.348997,372,1622048.0,,,,,,5644615.0
2016-04-10 07:36:07.445041,373,1624470.0,,,,,,5646615.0
2016-04-10 07:39:02.458715,373,1628470.0,,,,,,5650615.0
2016-04-10 07:42:02.527590,373,1629470.0,,,,,,5651615.0
2016-04-10 07:45:02.644298,373,1633470.0,,,,,,5655615.0
2016-04-10 07:48:01.989100,373,1641895.0,,,,,,5663615.0
2016-04-10 07:51:02.000666,374,1643895.0,,,,,,5665615.0
2016-04-10 07:54:02.082713,374,1648895.0,,,,,,5670615.0
2016-04-10 07:57:02.272408,374,1651895.0,,,,,,5673615.0
2016-04-10 08:00:02.386119,374,1657326.0,,,,,,5678615.0
2016-04-10 08:03:02.399929,375,1662326.0,,,,,,5683615.0
2016-04-10 08:06:02.391091,375,1667326.0,,,,,,5688615.0
2016-04-10 08:09:02.515673,375,1670326.0,,,,,,5691615.0
2016-04-10 08:12:02.560151,375,1673761.0,,,,,,5694615.0
2016-04-10 08:15:02.638227,376,1677475.0,,,,,,5698329.0
2016-04-10 08:18:02.662345,376,1691042.0,,,,,,5711896.0
2016-04-10 08:21:02.856923,376,1697042.0,,,,,,5717896.0
2016-04-10 08:24:02.887520,376,1701483.0,,,,,,5721896.0
2016-04-10 08:27:01.999957,377,1711483.0,,,,,,5731896.0
2016-04-10 08:30:02.176628,377,1713483.0,,,,,,5733896.0
2016-04-10 08:33:02.268180,377,1723483.0,,,,,,5743896.0
2016-04-10 08:36:02.781194,377,1731931.0,,,,,,5751896.0
2016-04-10 08:39:02.888667,378,1732931.0,,,,,,5752896.0
2016-04-10 08:42:02.036650,378,1732931.0,,,,,,5752896.0
2016-04-10 08:45:02.082920,378,1732931.0,,,,,,5752896.0
2016-04-10 08:48:02.683631,378,1733383.0,,,,,,5752896.0
2016-04-10 08:51:02.841838,379,1733383.0,,,,,,5752896.0
2016-04-10 08:54:02.921902,379,1733383.0,,,,,,5752896.0
2016-04-10 08:57:02.914094,379,1733383.0,,,,,,5752896.0
2016-04-10 09:00:02.925888,379,1733836.0,,,,,,5752896.0
2016-04-10 09:03:02.012183,380,1733836.0,,,,,,5752896.0
2016-04-10 09:06:01.968249,380,1733836.0,,,,,,5752896.0
2016-04-10 09:09:02.044399,380,1733836.0,,,,,,5752896.0
2016-04-10 09:12:02.200001,380,1734289.0,,,,,,5752896.0
2016-04-10 09:15:02.315137,381,1734289.0,,,,,,5752896.0
2016-04-10 09:18:02.419651,381,1734289.0,,,,,,5752896.0
2016-04-10 09:21:02.497116,381,1734289.0,,,,,,5752896.0
2016-04-10 09:24:07.681660,382,1734741.0,,,,,,5752896.0
2016-04-10 09:27:02.815392,382,1734741.0,,,,,,5752896.0
2016-04-10 09:30:03.308283,382,1734741.0,,,,,,5752896.0
2016-04-10 09:33:02.423777,382,1734741.0,,,,,,5752896.0
2016-04-10 09:36:02.599246,382,1735194.0,,,,,,5752896.0
2016-04-10 09:39:02.655440,383,1735194.0,,,,,,5752896.0
2016-04-10 09:42:02.940154,383,1735194.0,,,,,,5752896.0
2016-04-10 09:45:02.053092,383,1735194.0,,,,,,5752896.0
2016-04-10 09:48:02.104434,383,1735648.0,,,,,,5752896.0
2016-04-10 09:51:02.190446,384,1735648.0,,,,,,5752896.0
2016-04-10 09:54:02.339822,384,1735648.0,,,,,,5752896.0
2016-04-10 09:57:02.948707,384,1735648.0,,,,,,5752896.0
2016-04-10 10:00:02.097728,384,1736101.0,,,,,,5752896.0
2016-04-10 10:03:02.296912,385,1736101.0,,,,,,5752896.0
2016-04-10 10:06:02.411535,385,1736101.0,,,,,,5752896.0
2016-04-10 10:09:02.664621,385,1736101.0,,,,,,5752896.0
2016-04-10 10:12:02.754350,385,1736554.0,,,,,,5752896.0
2016-04-10 10:15:03.113288,386,1736554.0,,,,,,5752896.0
2016-04-10 10:18:02.180309,386,1736554.0,,,,,,5752896.0
2016-04-10 10:21:02.300283,386,1736554.0,,,,,,5752896.0
2016-04-10 10:24:02.379525,386,1737008.0,,,,,,5752896.0
2016-04-10 10:27:02.475948,387,1737008.0,,,,,,5752896.0
2016-04-10 10:30:02.671198,387,1737008.0,,,,,,5752896.0
2016-04-10 10:33:02.723633,387,1737008.0,,,,,,5752896.0
2016-04-10 10:36:03.407812,387,1737461.0,,,,,,5752896.0
2016-04-10 10:39:02.621119,388,1737461.0,,,,,,5752896.0
2016-04-10 10:42:02.754779,388,1737461.0,,,,,,5752896.0
2016-04-10 10:45:02.805815,388,1737461.0,,,,,,5752896.0
2016-04-10 10:48:02.981974,388,1737915.0,,,,,,5752896.0
2016-04-10 10:51:02.107612,389,1737915.0,,,,,,5752896.0
2016-04-10 10:54:02.201623,389,1737915.0,,,,,,5752896.0
2016-04-10 11:00:40.547545,389,1738369.0,,,,,,5752896.0
2016-04-10 11:00:50.852728,389,1738369.0,,,,,,5752896.0
2016-04-10 11:01:24.444343,389,1738369.0,,,,,,5752896.0
