day,CASH,INV,JOBIN,JOBQ,JOBOUT_075,JOBOUT_100,JOBOUT_125,JOBT_075,JOBT_100,JOBT_125,JOBREV_075,JOBREV_100,JOBREV_125,S1IN,S1Q,S1UTIL,S2Q,S2UTIL,S3Q,S3UTIL
1.0,1.0,396,4.0,0.0,1.0,0.0,0.0,0.275,0.0,0.0,1000.0,0.0,0.0,240.0,0.0,0.345,0.0,0.256,0.0,0.062
2.0,9.001,387,9.0,0.0,8.0,0.0,0.0,0.473,0.0,0.0,1000.0,0.0,0.0,540.0,0.502,0.9490000000000001,0.9209999999999999,1.0,0.363,0.64
3.0,15.004,383,4.0,0.0,6.0,0.0,0.0,0.46799999999999997,0.0,0.0,1000.0,0.0,0.0,240.0,0.068,0.43799999999999994,0.308,0.62,0.128,0.386
4.0,20.009,376,7.0,0.0,5.0,0.0,0.0,0.384,0.0,0.0,1000.0,0.0,0.0,420.0,0.34,0.753,0.384,0.866,0.0,0.391
5.0,28.015,369,7.0,0.0,8.0,0.0,0.0,0.441,0.0,0.0,1000.0,0.0,0.0,420.0,0.179,0.701,0.654,0.895,0.042,0.46399999999999997
6.0,35.023,361,8.0,0.0,7.0,0.0,0.0,0.637,0.0,0.0,1000.0,0.0,0.0,480.0,1.12,0.9159999999999999,1.649,0.996,0.095,0.392
7.0,41.033,353,8.0,0.0,6.0,0.0,0.0,0.609,0.0,0.0,1000.0,0.0,0.0,480.0,0.303,0.8809999999999999,1.979,1.0,0.087,0.527
8.0,45.973,343,10.0,0.0,5.0,0.0,0.0,0.818,0.0,0.0,985.766,0.0,0.0,600.0,1.0090000000000001,0.9940000000000001,5.091,1.0,0.0,0.139
9.0,53.089,336,7.0,0.0,9.0,0.0,0.0,1.2109999999999999,0.0,0.0,789.194,0.0,0.0,420.0,0.515,0.807,7.1370000000000005,1.0,0.0,0.391
10.0,58.349,329,7.0,0.0,7.0,0.0,0.0,1.251,0.0,0.0,749.421,0.0,0.0,420.0,0.225,0.7909999999999999,6.47,1.0,0.008,0.41
11.0,63.386,321,8.0,0.0,6.0,0.0,0.0,1.163,0.0,0.0,836.806,0.0,0.0,480.0,0.244,0.879,4.2010000000000005,1.0,1.7480000000000002,1.0
12.0,69.678,314,7.0,0.0,9.0,0.0,0.0,1.3030000000000002,0.0,0.0,697.158,0.0,0.0,420.0,0.11699999999999999,0.795,7.9270000000000005,1.0,0.207,0.565
13.0,76.223,307,7.0,0.0,9.0,0.0,0.0,1.275,0.0,0.0,725.105,0.0,0.0,420.0,0.308,0.625,5.5329999999999995,1.0,0.021,0.34
14.0,82.919,302,5.0,0.0,7.0,0.0,0.0,0.953,0.0,0.0,953.667,0.0,0.0,300.0,0.474,0.701,4.592,1.0,0.128,0.5660000000000001
15.0,89.805,289,13.0,0.0,7.0,0.0,0.0,0.905,0.0,0.0,980.501,0.0,0.0,780.0,1.568,0.93,3.074,1.0,0.013000000000000001,0.499
16.0,96.164,278,11.0,0.0,7.0,0.0,0.0,1.032,0.0,0.0,904.836,0.0,0.0,660.0,5.361000000000001,1.0,5.361000000000001,1.0,0.111,0.684
17.0,98.27,273,5.0,0.0,6.0,0.0,0.0,1.653,0.0,0.0,346.902,0.0,0.0,300.0,3.7769999999999997,1.0,9.097000000000001,1.0,0.05,0.45299999999999996
18.0,98.431,266,7.0,0.0,5.0,0.0,0.0,2.108,0.0,0.0,26.928,0.0,0.0,420.0,1.4469999999999998,0.955,12.254000000000001,1.0,0.0,0.467
19.0,98.456,258,8.0,0.0,7.0,0.0,0.0,2.56,0.0,0.0,0.0,0.0,0.0,480.0,0.231,0.708,14.158,1.0,0.015,0.45
20.0,98.482,249,9.0,0.0,8.0,0.0,0.0,2.447,0.0,0.0,0.0,0.0,0.0,540.0,0.415,0.9440000000000001,14.758,1.0,0.0,0.259
21.0,98.508,239,10.0,0.0,6.0,0.0,0.0,2.233,0.0,0.0,0.0,0.0,0.0,600.0,1.368,0.898,14.675999999999998,1.0,0.006,0.49700000000000005
22.0,98.534,230,9.0,0.0,8.0,0.0,0.0,2.283,0.0,0.0,0.0,0.0,0.0,540.0,2.29,1.0,17.234,1.0,0.0,0.292
23.0,98.559,223,7.0,0.0,6.0,0.0,0.0,2.4819999999999998,0.0,0.0,0.0,0.0,0.0,420.0,1.249,1.0,19.159000000000002,1.0,0.21899999999999997,0.617
24.0,98.585,216,7.0,0.0,7.0,0.0,0.0,2.867,0.0,0.0,0.0,0.0,0.0,420.0,0.237,0.7,20.730999999999998,1.0,0.109,0.583
25.0,98.611,212,4.0,0.0,10.0,0.0,0.0,3.083,0.0,0.0,0.0,0.0,0.0,240.0,0.145,0.551,19.02,1.0,0.28800000000000003,0.732
26.0,98.637,206,6.0,0.0,9.0,0.0,0.0,2.924,0.0,0.0,0.0,0.0,0.0,360.0,0.105,0.674,15.154000000000002,1.0,0.068,0.33399999999999996
27.0,98.662,203,3.0,0.0,8.0,0.0,0.0,2.497,0.0,0.0,0.0,0.0,0.0,180.0,0.0,0.239,10.12,1.0,0.08199999999999999,0.456
28.0,104.769,199,4.0,0.0,12.0,0.0,0.0,1.442,0.0,0.0,506.734,0.0,0.0,240.0,0.001,0.516,3.728,0.995,0.147,0.363
29.0,110.797,188,11.0,0.0,6.0,0.0,0.0,0.541,0.0,0.0,1000.0,0.0,0.0,660.0,0.883,0.965,0.993,0.975,0.259,0.852
30.0,118.563,181,7.0,0.0,8.0,0.0,0.0,0.9109999999999999,0.0,0.0,966.972,0.0,0.0,420.0,1.328,0.978,4.065,1.0,0.364,0.662
31.0,126.385,173,8.0,0.0,8.0,0.0,0.0,0.895,0.0,0.0,973.74,0.0,0.0,480.0,0.126,0.708,3.11,1.0,0.11800000000000001,0.43200000000000005
32.0,133.416,168,5.0,0.0,7.0,0.0,0.0,0.802,0.0,0.0,999.658,0.0,0.0,300.0,0.304,0.695,3.515,1.0,0.188,0.624
33.0,88.449,154,14.0,0.0,5.0,0.0,0.0,0.8,0.0,0.0,1000.0,0.0,0.0,840.0,2.614,0.953,2.094,1.0,0.557,0.6890000000000001
34.0,95.081,147,7.0,0.0,8.0,0.0,0.0,1.1740000000000002,0.0,0.0,825.998,0.0,0.0,420.0,2.988,1.0,6.132999999999999,1.0,0.374,0.5870000000000001
35.0,96.49,138,9.0,0.0,6.0,0.0,0.0,1.7690000000000001,0.0,0.0,230.654,0.0,0.0,540.0,2.745,1.0,8.875,1.0,0.315,0.698
36.0,97.883,128,10.0,0.0,7.0,0.0,0.0,1.814,0.0,0.0,195.294,0.0,0.0,600.0,3.443,1.0,10.924000000000001,1.0,0.433,0.846
37.0,98.142,118,10.0,0.0,7.0,0.0,0.0,2.0469999999999997,0.0,0.0,33.335,0.0,0.0,600.0,1.868,1.0,13.899000000000001,1.0,0.0,0.315
38.0,98.167,115,3.0,0.0,6.0,0.0,0.0,2.371,0.0,0.0,0.0,0.0,0.0,180.0,2.019,0.7659999999999999,15.254000000000001,1.0,0.513,0.953
39.0,98.193,115,0.0,0.0,5.0,0.0,0.0,2.822,0.0,0.0,0.0,0.0,0.0,0.0,0.0,0.0,13.466,1.0,0.262,0.643
40.0,99.219,114,1.0,0.0,14.0,0.0,0.0,2.371,0.0,0.0,71.429,0.0,0.0,60.0,0.0,0.10800000000000001,2.9189999999999996,0.586,0.0,0.276
41.0,100.245,111,3.0,0.0,1.0,0.0,0.0,0.32,0.0,0.0,1000.0,0.0,0.0,180.0,0.021,0.324,0.11800000000000001,0.276,0.0,0.061
42.0,104.271,107,4.0,0.0,4.0,0.0,0.0,0.363,0.0,0.0,1000.0,0.0,0.0,240.0,0.248,0.43200000000000005,0.19699999999999998,0.491,0.0,0.23
43.0,35.29,98,9.0,0.0,4.0,0.0,0.0,0.493,0.0,0.0,1000.0,0.0,0.0,540.0,0.9259999999999999,0.49200000000000005,0.028999999999999998,0.58,0.085,0.46799999999999997
44.0,44.301,91,7.0,0.0,9.0,0.0,0.0,0.624,0.0,0.0,1000.0,0.0,0.0,420.0,2.833,1.0,0.105,0.715,0.055999999999999994,0.585
45.0,52.314,87,4.0,0.0,8.0,0.0,0.0,0.523,0.0,0.0,1000.0,0.0,0.0,240.0,0.33,0.614,0.0,0.371,0.153,0.637
46.0,8.328,80,7.0,0.0,6.0,0.0,0.0,0.409,0.0,0.0,1000.0,0.0,0.0,420.0,0.574,0.687,0.035,0.436,0.0,0.326
47.0,15.331,71,9.0,0.0,7.0,0.0,0.0,0.375,0.0,0.0,1000.0,0.0,0.0,540.0,0.578,1.0,0.012,0.578,0.10300000000000001,0.637
48.0,23.336,64,7.0,0.0,8.0,0.0,0.0,0.48100000000000004,0.0,0.0,1000.0,0.0,0.0,420.0,0.47200000000000003,0.787,0.099,0.568,0.495,0.513
49.0,31.343,57,7.0,0.0,8.0,0.0,0.0,0.364,0.0,0.0,1000.0,0.0,0.0,420.0,0.16699999999999998,0.816,0.0,0.514,0.11900000000000001,0.688
50.0,38.352,49,8.0,0.0,7.0,0.0,0.0,0.39299999999999996,0.0,0.0,1000.0,0.0,0.0,480.0,1.016,0.831,0.0,0.467,0.019,0.461
51.0,48.363,40,9.0,0.0,10.0,0.0,0.0,0.423,0.0,0.0,1000.0,0.0,0.0,540.0,0.38,0.938,0.0,0.547,0.32,0.775
52.0,53.377,29,11.0,0.0,5.0,0.0,0.0,0.29600000000000004,0.0,0.0,1000.0,0.0,0.0,660.0,1.107,0.831,0.0,0.45799999999999996,0.086,0.40700000000000003
53.0,64.392,22,7.0,0.0,11.0,0.0,0.0,0.6609999999999999,0.0,0.0,1000.0,0.0,0.0,420.0,1.883,1.0,0.419,0.72,0.39299999999999996,0.757
54.0,73.41,13,9.0,0.0,9.0,0.0,0.0,0.409,0.0,0.0,1000.0,0.0,0.0,540.0,0.966,0.9159999999999999,0.01,0.57,0.004,0.522
55.0,79.43,5,8.0,0.0,6.0,0.0,0.0,0.644,0.0,0.0,1000.0,0.0,0.0,480.0,3.073,1.0,0.0,0.527,1.4369999999999998,0.8190000000000001
56.0,89.008,0,5.0,0.0,10.0,0.0,0.0,0.785,0.0,0.0,955.588,0.0,0.0,300.0,0.41600000000000004,0.636,0.021,0.47,1.225,0.955
57.0,90.031,0,0.0,0.0,1.0,0.0,0.0,0.595,0.0,0.0,1000.0,0.0,0.0,0.0,0.0,0.0,0.0,0.006,0.0,0.047
58.0,3.245,105,15.0,2.613,0.0,2.0,0.0,0.0,0.768,0.0,0.0,900.0,0.0,900.0,3.045,0.44299999999999995,0.233,0.331,0.099,0.21
59.0,13.457,92,13.0,0.0,0.0,12.0,0.0,0.0,1.01,0.0,0.0,850.877,0.0,780.0,2.705,1.0,3.877,1.0,1.5590000000000002,0.992
60.0,23.478,83,9.0,0.0,0.0,12.0,0.0,0.0,1.026,0.0,0.0,834.654,0.0,540.0,0.24100000000000002,0.5539999999999999,3.221,0.89,5.47,1.0
61.0,29.044,74,9.0,0.0,6.0,2.0,0.0,1.2770000000000001,1.3230000000000002,0.0,723.347,609.344,0.0,540.0,0.0,0.434,0.10400000000000001,0.516,8.027999999999999,1.0
62.0,38.163,68,6.0,0.0,12.0,0.0,0.0,1.23,0.0,0.0,759.25,0.0,0.0,360.0,0.06,0.376,0.16399999999999998,0.573,7.169,1.0
63.0,49.04,60,8.0,0.0,11.0,0.0,0.0,0.584,0.0,0.0,987.727,0.0,0.0,480.0,0.0,0.43200000000000005,0.011000000000000001,0.622,0.45299999999999996,0.5479999999999999
64.0,57.054,51,9.0,0.0,8.0,0.0,0.0,0.365,0.0,0.0,1000.0,0.0,0.0,540.0,0.027000000000000003,0.45,0.244,0.551,0.483,0.725
65.0,66.07,39,12.0,0.0,9.0,0.0,0.0,0.5529999999999999,0.0,0.0,1000.0,0.0,0.0,720.0,0.026000000000000002,0.649,0.102,0.67,1.781,1.0
66.0,78.089,29,10.0,0.0,12.0,0.0,0.0,0.631,0.0,0.0,1000.0,0.0,0.0,600.0,0.0,0.524,0.292,0.701,3.284,1.0
67.0,87.111,19,10.0,0.0,9.0,0.0,0.0,0.41100000000000003,0.0,0.0,1000.0,0.0,0.0,600.0,0.002,0.491,0.215,0.647,0.3,0.7170000000000001
68.0,96.135,10,9.0,0.0,9.0,0.0,0.0,0.321,0.0,0.0,1000.0,0.0,0.0,540.0,0.059000000000000004,0.5539999999999999,0.121,0.616,0.43,0.589
69.0,105.162,2,8.0,0.0,9.0,0.0,0.0,0.629,0.0,0.0,1000.0,0.0,0.0,480.0,0.0,0.461,0.332,0.664,2.198,0.89
70.0,112.19,0,3.0,0.759,7.0,0.0,0.0,0.7140000000000001,0.0,0.0,1000.0,0.0,0.0,180.0,0.0,0.10800000000000001,0.0,0.262,1.796,0.7120000000000001
71.0,112.219,0,0.0,1.0,0.0,0.0,0.0,0.0,0.0,0.0,0.0,0.0,0.0,0.0,0.0,0.0,0.0,0.0,0.0,0.0
72.0,112.249,0,0.0,1.0,0.0,0.0,0.0,0.0,0.0,0.0,0.0,0.0,0.0,0.0,0.0,0.0,0.0,0.0,0.0,0.0
73.0,1.265,136,9.0,1.5630000000000002,2.0,0.0,0.0,2.198,0.0,0.0,500.0,0.0,0.0,540.0,0.768,0.44299999999999995,0.156,0.32899999999999996,0.22899999999999998,0.226
74.0,15.267,126,10.0,0.0,14.0,0.0,0.0,0.589,0.0,0.0,1000.0,0.0,0.0,600.0,0.187,0.595,1.0390000000000001,0.927,1.521,0.732
75.0,25.273,118,8.0,0.0,10.0,0.0,0.0,0.379,0.0,0.0,1000.0,0.0,0.0,480.0,0.032,0.473,0.049,0.49700000000000005,0.359,0.6679999999999999
76.0,33.28,110,8.0,0.0,8.0,0.0,0.0,0.35200000000000004,0.0,0.0,1000.0,0.0,0.0,480.0,0.033,0.43200000000000005,0.21600000000000003,0.625,0.006,0.516
77.0,42.29,100,10.0,0.0,9.0,0.0,0.0,0.292,0.0,0.0,1000.0,0.0,0.0,600.0,0.031,0.495,0.024,0.552,0.019,0.368
78.0,52.303,85,15.0,0.0,10.0,0.0,0.0,0.309,0.0,0.0,1000.0,0.0,0.0,900.0,0.146,0.778,0.373,0.79,0.215,0.5589999999999999
79.0,65.318,77,8.0,0.0,13.0,0.0,0.0,0.556,0.0,0.0,1000.0,0.0,0.0,480.0,0.037000000000000005,0.47600000000000003,0.569,0.677,2.009,0.977
80.0,73.336,69,8.0,0.0,8.0,0.0,0.0,0.317,0.0,0.0,1000.0,0.0,0.0,480.0,0.0,0.424,0.055,0.556,0.046,0.598
81.0,83.356,59,10.0,0.0,10.0,0.0,0.0,0.355,0.0,0.0,1000.0,0.0,0.0,600.0,0.026000000000000002,0.579,0.419,0.8290000000000001,0.11900000000000001,0.611
82.0,93.379,47,12.0,0.0,10.0,0.0,0.0,0.386,0.0,0.0,1000.0,0.0,0.0,720.0,0.162,0.595,0.15,0.6459999999999999,0.672,0.787
83.0,105.405,33,14.0,0.0,12.0,0.0,0.0,0.478,0.0,0.0,1000.0,0.0,0.0,840.0,0.033,0.733,0.27,0.802,1.47,1.0
84.0,115.434,26,7.0,0.0,10.0,0.0,0.0,0.7020000000000001,0.0,0.0,1000.0,0.0,0.0,420.0,0.073,0.452,0.099,0.644,3.7119999999999997,1.0
85.0,122.465,17,9.0,0.0,7.0,0.0,0.0,0.7090000000000001,0.0,0.0,1000.0,0.0,0.0,540.0,0.048,0.486,0.128,0.525,2.1590000000000003,1.0
86.0,131.498,8,9.0,0.0,9.0,0.0,0.0,0.645,0.0,0.0,1000.0,0.0,0.0,540.0,0.158,0.424,0.13,0.537,1.9680000000000002,0.8290000000000001
87.0,140.534,0,9.0,0.011000000000000001,9.0,0.0,0.0,0.41100000000000003,0.0,0.0,1000.0,0.0,0.0,540.0,0.021,0.455,0.158,0.551,0.5579999999999999,0.826
88.0,148.572,181,3.0,0.628,8.0,0.0,0.0,0.489,0.0,0.0,1000.0,0.0,0.0,180.0,0.10800000000000001,0.254,0.024,0.42100000000000004,0.73,0.56
89.0,18.583,170,11.0,0.0,9.0,0.0,0.0,0.354,0.0,0.0,1000.0,0.0,0.0,660.0,0.1,0.594,0.11599999999999999,0.64,0.212,0.466
90.0,28.589,159,11.0,0.0,10.0,0.0,0.0,0.401,0.0,0.0,1000.0,0.0,0.0,660.0,0.005,0.516,0.045,0.662,0.6,0.799
91.0,36.598,148,11.0,0.0,8.0,0.0,0.0,0.564,0.0,0.0,1000.0,0.0,0.0,660.0,0.18899999999999997,0.6709999999999999,0.14300000000000002,0.74,2.256,1.0
92.0,42.473,138,10.0,0.0,6.0,0.0,0.0,0.809,0.0,0.0,977.508,0.0,0.0,600.0,0.011000000000000001,0.475,0.12,0.534,5.3839999999999995,1.0
93.0,55.863,130,8.0,0.0,15.0,0.0,0.0,0.98,0.0,0.0,891.858,0.0,0.0,480.0,0.0,0.47200000000000003,0.182,0.614,6.155,1.0
94.0,65.879,121,9.0,0.0,10.0,0.0,0.0,0.43799999999999994,0.0,0.0,1000.0,0.0,0.0,540.0,0.016,0.44299999999999995,0.16399999999999998,0.608,0.8809999999999999,0.797
95.0,73.897,110,11.0,0.0,8.0,0.0,0.0,0.506,0.0,0.0,1000.0,0.0,0.0,660.0,0.006999999999999999,0.6609999999999999,0.268,0.804,1.357,0.855
96.0,86.918,99,11.0,0.0,13.0,0.0,0.0,0.44299999999999995,0.0,0.0,1000.0,0.0,0.0,660.0,0.05,0.594,0.53,0.792,0.99,0.7290000000000001
97.0,96.942,87,12.0,0.0,10.0,0.0,0.0,0.47100000000000003,0.0,0.0,1000.0,0.0,0.0,720.0,0.053,0.546,0.077,0.5870000000000001,1.42,1.0
98.0,108.969,76,11.0,0.0,12.0,0.0,0.0,0.354,0.0,0.0,1000.0,0.0,0.0,660.0,0.122,0.695,0.281,0.7559999999999999,0.474,0.634
99.0,65.987,71,5.0,0.0,7.0,0.0,0.0,0.359,0.0,0.0,1000.0,0.0,0.0,300.0,0.0,0.27,0.049,0.384,0.114,0.498
100.0,75.006,62,9.0,0.0,9.0,0.0,0.0,0.34,0.0,0.0,1000.0,0.0,0.0,540.0,0.077,0.433,0.068,0.528,0.133,0.47
101.0,87.727,41,21.0,0.0,10.0,3.0,0.0,0.405,0.418,0.0,1000.0,900.0,0.0,1260.0,0.809,0.93,0.7859999999999999,0.8859999999999999,1.072,0.7709999999999999
102.0,97.651,30,11.0,0.0,0.0,11.0,0.0,0.0,0.635,0.0,0.0,900.0,0.0,660.0,2.086,0.826,2.209,1.0,2.9219999999999997,0.843
103.0,107.18,17,13.0,0.0,0.0,12.0,0.0,0.0,1.081,0.0,0.0,791.8389999999999,0.0,780.0,0.035,0.649,0.415,0.732,7.516,1.0
104.0,5.876,233,14.0,0.0,0.0,15.0,0.0,0.0,0.841,0.0,0.0,871.6030000000001,0.0,840.0,0.363,0.782,1.3219999999999998,0.986,4.412,1.0
105.0,14.615,221,12.0,0.0,0.0,10.0,0.0,0.0,0.909,0.0,0.0,873.5830000000001,0.0,720.0,0.083,0.648,0.644,0.838,7.532,1.0
106.0,30.902,209,12.0,0.0,12.0,4.0,1.0,0.8140000000000001,1.01,0.664,1000.0,870.393,800.0,720.0,0.11,0.6629999999999999,1.4480000000000002,0.997,5.2170000000000005,1.0
107.0,42.72,195,14.0,0.0,12.0,0.0,0.0,0.843,0.0,0.0,983.996,0.0,0.0,840.0,0.07,0.738,0.489,0.85,5.76,1.0
108.0,55.332,178,17.0,0.0,11.0,0.0,2.0,0.8029999999999999,0.0,0.773,1000.0,0.0,800.0,1020.0,0.516,0.868,1.232,0.965,5.72,1.0
109.0,23.161,163,15.0,0.0,2.0,15.0,3.0,0.81,0.731,0.993,1000.0,900.0,774.438,900.0,0.248,0.8009999999999999,2.915,1.0,3.85,0.8109999999999999
110.0,38.269,141,22.0,0.0,0.0,15.0,2.0,0.0,0.5670000000000001,0.541,0.0,900.0,800.0,1320.0,2.8739999999999997,1.0,3.975,1.0,0.02,0.6579999999999999
111.0,49.881,127,14.0,0.0,0.0,12.0,1.0,0.0,0.843,0.9109999999999999,0.0,900.0,800.0,840.0,2.374,1.0,6.891,1.0,0.171,0.496
112.0,64.099,111,16.0,0.0,0.0,16.0,0.0,0.0,0.9179999999999999,0.0,0.0,887.716,0.0,960.0,0.434,0.802,6.86,1.0,0.201,0.545
113.0,80.142,97,14.0,0.0,0.0,18.0,0.0,0.0,0.8759999999999999,0.0,0.0,890.2489999999999,0.0,840.0,0.09300000000000001,0.757,7.39,1.0,1.031,0.785
114.0,90.965,81,16.0,0.0,0.0,12.0,0.0,0.0,0.748,0.0,0.0,900.0,0.0,960.0,1.4669999999999999,0.971,7.075,1.0,0.358,0.638
115.0,105.669,66,15.0,0.0,0.0,17.0,0.0,0.0,0.945,0.0,0.0,863.439,0.0,900.0,0.551,0.7340000000000001,6.792000000000001,1.0,0.649,0.466
116.0,117.335,51,15.0,0.0,0.0,13.0,0.0,0.0,0.8370000000000001,0.0,0.0,895.16,0.0,900.0,0.371,0.784,7.497000000000001,1.0,0.19,0.616
117.0,130.119,36,15.0,0.0,0.0,10.0,5.0,0.0,0.932,0.789,0.0,875.1089999999999,800.0,900.0,0.8170000000000001,0.879,8.019,1.0,0.25,0.6659999999999999
118.0,145.23,18,18.0,0.0,0.0,7.0,11.0,0.0,0.898,0.8290000000000001,0.0,896.42,800.0,1080.0,0.595,0.899,8.113,1.0,0.12300000000000001,0.565
119.0,4.86,189,18.0,0.0,0.0,0.0,20.0,0.0,0.0,0.7809999999999999,0.0,0.0,800.0,1080.0,1.1540000000000001,0.8690000000000001,5.915,1.0,0.369,0.637
120.0,22.864,180,9.0,0.0,10.0,0.0,10.0,0.39399999999999996,0.0,0.61,1000.0,0.0,800.0,540.0,0.465,0.667,0.905,0.7040000000000001,0.374,0.705
121.0,28.871,174,6.0,0.0,6.0,0.0,0.0,0.35,0.0,0.0,1000.0,0.0,0.0,360.0,0.0,0.35100000000000003,0.0,0.302,0.0,0.221
122.0,38.879,165,9.0,0.0,10.0,0.0,0.0,0.34299999999999997,0.0,0.0,1000.0,0.0,0.0,540.0,0.0,0.486,0.0,0.395,0.017,0.516
123.0,45.29,152,13.0,0.0,1.0,6.0,0.0,0.258,0.317,0.0,1000.0,900.0,0.0,780.0,0.1,0.5489999999999999,0.001,0.38799999999999996,0.0,0.259
124.0,59.704,130,22.0,0.0,0.0,16.0,0.0,0.0,0.386,0.0,0.0,900.0,0.0,1320.0,2.8139999999999996,0.996,0.126,0.792,0.336,0.716
125.0,77.722,107,23.0,0.0,0.0,20.0,0.0,0.0,0.619,0.0,0.0,900.0,0.0,1380.0,7.4510000000000005,1.0,0.262,0.845,0.33399999999999996,0.7659999999999999
126.0,93.544,88,19.0,0.0,0.0,6.0,13.0,0.0,0.732,0.843,0.0,900.0,800.0,1140.0,9.552999999999999,1.0,0.158,0.78,0.336,0.7959999999999999
127.0,108.07,78,10.0,0.0,1.0,15.0,0.0,0.853,0.863,0.0,1000.0,900.0,0.0,600.0,5.397,1.0,0.504,0.858,0.3,0.69
128.0,124.947,67,11.0,0.0,16.0,1.0,0.0,0.478,1.06,0.0,1000.0,845.75,0.0,660.0,0.26899999999999996,0.653,0.157,0.648,0.11699999999999999,0.47700000000000004
129.0,133.581,59,8.0,0.0,7.0,0.0,2.0,0.39399999999999996,0.0,0.276,1000.0,0.0,800.0,480.0,0.022000000000000002,0.499,0.0,0.434,0.08900000000000001,0.428
130.0,148.618,41,18.0,0.0,6.0,10.0,0.0,0.326,0.391,0.0,1000.0,900.0,0.0,1080.0,1.011,0.925,0.092,0.715,0.059000000000000004,0.6579999999999999
131.0,163.958,21,20.0,0.0,0.0,17.0,0.0,0.0,0.401,0.0,0.0,900.0,0.0,1200.0,2.301,1.0,0.128,0.7490000000000001,0.10099999999999999,0.621
132.0,180.003,9,12.0,0.0,7.0,10.0,0.0,0.32299999999999995,0.43,0.0,1000.0,900.0,0.0,720.0,0.14300000000000002,0.74,0.039,0.612,0.064,0.507
133.0,184.951,7,2.0,0.0,4.0,1.0,0.0,0.308,0.266,0.0,1000.0,900.0,0.0,120.0,0.0,0.163,0.0,0.162,0.0,0.188
134.0,192.0,252,14.0,0.35200000000000004,0.0,6.0,2.0,0.0,0.39899999999999997,0.375,0.0,900.0,800.0,840.0,0.871,0.621,0.002,0.344,0.27399999999999997,0.40700000000000003
135.0,77.432,233,19.0,0.0,9.0,2.0,5.0,0.41,0.44799999999999995,0.606,1000.0,900.0,800.0,1140.0,1.148,0.982,0.36,0.875,0.365,0.763
136.0,94.554,218,15.0,0.0,0.0,19.0,0.0,0.0,0.424,0.0,0.0,900.0,0.0,900.0,0.977,0.971,0.085,0.765,0.47600000000000003,0.7490000000000001
137.0,109.881,198,20.0,0.0,0.0,17.0,0.0,0.0,0.315,0.0,0.0,900.0,0.0,1200.0,0.648,0.867,0.034,0.6779999999999999,0.0,0.518
138.0,126.112,177,21.0,0.0,0.0,18.0,0.0,0.0,0.48200000000000004,0.0,0.0,900.0,0.0,1260.0,5.733,1.0,0.155,0.838,0.0,0.503
139.0,92.944,158,19.0,0.0,6.0,12.0,0.0,0.612,0.645,0.0,1000.0,900.0,0.0,1140.0,5.649,1.0,0.087,0.8,0.025,0.523
140.0,110.97,140,18.0,0.0,18.0,0.0,0.0,0.6509999999999999,0.0,0.0,1000.0,0.0,0.0,1080.0,5.931,1.0,0.331,0.868,0.013999999999999999,0.514
141.0,131.002,130,10.0,0.0,20.0,0.0,0.0,0.588,0.0,0.0,1000.0,0.0,0.0,600.0,2.653,0.897,0.17600000000000002,0.816,0.077,0.597
142.0,139.037,118,12.0,0.0,8.0,0.0,0.0,0.34299999999999997,0.0,0.0,1000.0,0.0,0.0,720.0,0.07400000000000001,0.583,0.0,0.405,0.0,0.43
143.0,151.875,107,11.0,0.0,11.0,2.0,0.0,0.313,0.272,0.0,1000.0,900.0,0.0,660.0,0.0,0.597,0.012,0.524,0.0,0.324
144.0,165.417,85,22.0,0.0,0.0,15.0,0.0,0.0,0.359,0.0,0.0,900.0,0.0,1320.0,2.0980000000000003,0.986,0.149,0.805,0.0,0.551
145.0,183.462,63,22.0,0.0,0.0,20.0,0.0,0.0,0.5529999999999999,0.0,0.0,900.0,0.0,1320.0,5.364,1.0,0.22699999999999998,0.8270000000000001,0.15,0.627
146.0,197.912,46,17.0,0.0,0.0,16.0,0.0,0.0,0.649,0.0,0.0,900.0,0.0,1020.0,6.859,1.0,0.121,0.7879999999999999,0.551,0.596
147.0,215.25,33,13.0,0.0,3.0,16.0,0.0,0.292,0.767,0.0,1000.0,892.738,0.0,780.0,1.704,0.9490000000000001,0.172,0.775,0.8240000000000001,0.8590000000000001
148.0,228.408,21,12.0,0.0,5.0,9.0,0.0,0.40299999999999997,0.35,0.0,1000.0,900.0,0.0,720.0,0.29100000000000004,0.654,0.07400000000000001,0.536,0.183,0.519
149.0,244.67,1,20.0,0.0,0.0,18.0,0.0,0.0,0.319,0.0,0.0,900.0,0.0,1200.0,0.7070000000000001,0.9620000000000001,0.152,0.802,0.011000000000000001,0.395
150.0,10.398,198,17.0,1.982,0.0,1.0,11.0,0.0,0.5710000000000001,0.48200000000000004,0.0,900.0,800.0,1020.0,2.28,0.675,0.574,0.8270000000000001,1.072,0.622
151.0,34.805,182,16.0,0.0,18.0,0.0,8.0,0.397,0.0,0.813,1000.0,0.0,800.0,960.0,0.085,0.603,0.763,0.883,0.8029999999999999,0.675
152.0,42.815,174,8.0,0.0,8.0,0.0,0.0,0.293,0.0,0.0,1000.0,0.0,0.0,480.0,0.0,0.273,0.0,0.27899999999999997,0.011000000000000001,0.24600000000000002
153.0,55.827,162,12.0,0.0,13.0,0.0,0.0,0.371,0.0,0.0,1000.0,0.0,0.0,720.0,0.0,0.431,0.121,0.564,0.081,0.625
154.0,66.843,146,16.0,0.0,11.0,0.0,0.0,0.31,0.0,0.0,1000.0,0.0,0.0,960.0,0.027000000000000003,0.523,0.126,0.579,0.0,0.341
155.0,84.463,121,25.0,0.0,5.0,14.0,0.0,0.35700000000000004,0.418,0.0,1000.0,900.0,0.0,1500.0,0.628,0.917,1.261,0.9620000000000001,1.179,0.895
156.0,106.988,93,28.0,0.0,0.0,25.0,0.0,0.0,0.568,0.0,0.0,900.0,0.0,1680.0,0.8290000000000001,0.988,4.093,1.0,2.7,0.8590000000000001
157.0,129.518,73,20.0,0.0,0.0,25.0,0.0,0.0,0.6579999999999999,0.0,0.0,900.0,0.0,1200.0,0.09,0.7440000000000001,5.662999999999999,1.0,2.0580000000000003,0.9229999999999999
158.0,149.354,51,22.0,0.0,0.0,22.0,0.0,0.0,0.5670000000000001,0.0,0.0,900.0,0.0,1320.0,0.185,0.835,5.415,1.0,0.531,0.759
159.0,119.588,35,16.0,0.0,13.0,8.0,0.0,0.43700000000000006,0.7390000000000001,0.0,1000.0,900.0,0.0,960.0,0.012,0.5670000000000001,1.167,0.867,1.828,0.7609999999999999
160.0,134.622,23,12.0,0.0,15.0,0.0,0.0,0.322,0.0,0.0,1000.0,0.0,0.0,720.0,0.032,0.43799999999999994,0.095,0.657,0.002,0.341
161.0,146.658,9,14.0,0.0,12.0,0.0,0.0,0.314,0.0,0.0,1000.0,0.0,0.0,840.0,0.006999999999999999,0.494,0.038,0.5579999999999999,0.039,0.462
162.0,156.698,4,5.0,0.0,10.0,0.0,0.0,0.312,0.0,0.0,1000.0,0.0,0.0,300.0,0.0,0.19399999999999998,0.0,0.27899999999999997,0.035,0.364
163.0,156.739,4,0.0,0.0,0.0,0.0,0.0,0.0,0.0,0.0,0.0,0.0,0.0,0.0,0.0,0.0,0.0,0.0,0.0,0.0
164.0,160.78,0,4.0,0.0,4.0,0.0,0.0,0.36700000000000005,0.0,0.0,1000.0,0.0,0.0,240.0,0.0,0.14400000000000002,0.0,0.192,0.0,0.231
165.0,6.798,392,13.0,1.093,6.0,0.0,0.0,0.545,0.0,0.0,1000.0,0.0,0.0,780.0,0.919,0.445,0.401,0.455,0.134,0.23399999999999999
166.0,22.802,375,17.0,0.0,16.0,0.0,0.0,0.42200000000000004,0.0,0.0,1000.0,0.0,0.0,1020.0,0.018000000000000002,0.575,0.098,0.64,0.603,0.735
167.0,39.811,359,16.0,0.0,17.0,0.0,0.0,0.33799999999999997,0.0,0.0,1000.0,0.0,0.0,960.0,0.046,0.623,0.483,0.777,0.019,0.38299999999999995
168.0,53.823,345,14.0,0.0,14.0,0.0,0.0,0.319,0.0,0.0,1000.0,0.0,0.0,840.0,0.099,0.46799999999999997,0.127,0.5329999999999999,0.135,0.408
169.0,69.139,323,22.0,0.0,0.0,17.0,0.0,0.0,0.419,0.0,0.0,900.0,0.0,1320.0,0.095,0.787,0.555,0.794,1.5919999999999999,0.904
170.0,95.261,296,27.0,0.0,0.0,29.0,0.0,0.0,0.381,0.0,0.0,900.0,0.0,1620.0,0.45,0.905,0.303,0.836,0.9740000000000001,0.815
171.0,115.088,277,19.0,0.0,0.0,22.0,0.0,0.0,0.485,0.0,0.0,900.0,0.0,1140.0,0.285,0.774,0.401,0.812,2.526,0.915
172.0,131.32,260,17.0,0.0,0.0,18.0,0.0,0.0,0.315,0.0,0.0,900.0,0.0,1020.0,0.0,0.613,0.062,0.584,0.016,0.503
173.0,150.257,240,20.0,0.0,0.0,21.0,0.0,0.0,0.36,0.0,0.0,900.0,0.0,1200.0,0.073,0.7020000000000001,0.11800000000000001,0.698,0.684,0.6920000000000001
174.0,168.298,217,23.0,0.0,0.0,20.0,0.0,0.0,0.371,0.0,0.0,900.0,0.0,1380.0,0.28600000000000003,0.8640000000000001,0.012,0.7290000000000001,1.7,0.85
175.0,186.745,198,19.0,0.0,13.0,6.0,0.0,0.366,0.5539999999999999,0.0,1000.0,900.0,0.0,1140.0,0.107,0.606,0.109,0.491,1.19,0.78
176.0,204.195,167,31.0,0.0,3.0,0.0,18.0,0.515,0.0,0.499,1000.0,0.0,800.0,1860.0,2.178,1.0,0.836,0.903,2.928,0.993
177.0,230.652,136,31.0,0.0,0.0,0.0,33.0,0.0,0.0,0.5429999999999999,0.0,0.0,800.0,1860.0,5.843,1.0,0.609,0.9,2.33,0.958
178.0,244.314,108,28.0,0.0,0.0,0.0,17.0,0.0,0.0,0.685,0.0,0.0,800.0,1680.0,7.961,1.0,0.48200000000000004,0.847,4.338,0.845
179.0,259.97,86,22.0,0.0,0.0,0.0,23.0,0.0,0.0,1.15,0.0,0.0,677.824,1320.0,2.641,1.0,0.56,0.871,14.545,1.0
180.0,20.531,324,27.0,0.0,0.0,0.0,33.0,0.0,0.0,0.945,0.0,0.0,755.4780000000001,1620.0,1.215,0.8759999999999999,7.146,1.0,6.577000000000001,1.0
181.0,44.54,294,30.0,0.0,0.0,0.0,30.0,0.0,0.0,0.619,0.0,0.0,800.0,1800.0,7.215,1.0,2.798,0.9420000000000001,1.9780000000000002,0.983
182.0,71.755,269,25.0,0.0,0.0,24.0,7.0,0.0,0.655,0.7240000000000001,0.0,900.0,800.0,1500.0,4.54,1.0,0.738,0.889,2.6489999999999996,0.9690000000000001
183.0,91.577,252,17.0,0.0,0.0,22.0,0.0,0.0,0.419,0.0,0.0,900.0,0.0,1020.0,0.408,0.726,0.244,0.6779999999999999,0.19699999999999998,0.638
184.0,111.403,233,19.0,0.0,0.0,22.0,0.0,0.0,0.344,0.0,0.0,900.0,0.0,1140.0,0.09699999999999999,0.722,0.096,0.6659999999999999,0.583,0.7440000000000001
185.0,131.535,205,28.0,0.0,0.0,9.0,15.0,0.0,0.305,0.38,0.0,900.0,800.0,1680.0,0.529,0.934,0.67,0.8390000000000001,0.331,0.731
186.0,152.372,174,31.0,0.0,0.0,0.0,26.0,0.0,0.0,0.377,0.0,0.0,800.0,1860.0,1.847,1.0,0.327,0.889,0.777,0.9009999999999999
187.0,174.015,141,33.0,0.0,0.0,0.0,27.0,0.0,0.0,0.501,0.0,0.0,800.0,1980.0,6.972,1.0,0.434,0.907,0.903,0.919
188.0,197.263,110,31.0,0.0,0.0,0.0,29.0,0.0,0.0,0.7020000000000001,0.0,0.0,800.0,1860.0,11.452,1.0,0.763,0.915,1.786,0.997
189.0,213.699,81,29.0,0.0,0.0,0.0,21.0,0.0,0.0,0.9129999999999999,0.0,0.0,780.0889999999999,1740.0,14.161,1.0,0.348,0.899,4.44,1.0
190.0,234.184,59,22.0,0.0,0.0,0.0,30.0,0.0,0.0,1.149,0.0,0.0,680.915,1320.0,11.485999999999999,1.0,1.4609999999999999,0.914,7.966,1.0
191.0,247.404,44,15.0,0.0,0.0,9.0,8.0,0.0,1.125,1.0490000000000002,0.0,787.503,758.64,900.0,4.122,0.895,0.099,0.764,10.177,1.0
192.0,273.273,31,13.0,0.0,14.0,17.0,0.0,0.535,1.227,0.0,1000.0,694.232,0.0,780.0,0.019,0.429,0.085,0.542,7.575,0.872
193.0,288.346,16,15.0,0.0,15.0,0.0,0.0,0.321,0.0,0.0,1000.0,0.0,0.0,900.0,0.0,0.521,0.033,0.505,0.079,0.484
194.0,293.423,14,2.0,0.0,5.0,0.0,0.0,0.304,0.0,0.0,1000.0,0.0,0.0,120.0,0.0,0.133,0.0,0.14800000000000002,0.0,0.195
195.0,20.957,435,18.0,0.0,0.0,13.0,0.0,0.0,0.317,0.0,0.0,900.0,0.0,1080.0,0.12,0.59,0.047,0.507,0.193,0.529
196.0,38.965,411,24.0,0.0,0.0,20.0,0.0,0.0,0.33799999999999997,0.0,0.0,900.0,0.0,1440.0,0.27,0.86,0.084,0.667,0.305,0.677
197.0,57.877,392,19.0,0.0,0.0,21.0,0.0,0.0,0.441,0.0,0.0,900.0,0.0,1140.0,0.114,0.701,0.042,0.65,2.046,0.898
198.0,75.895,374,18.0,0.0,0.0,20.0,0.0,0.0,0.321,0.0,0.0,900.0,0.0,1080.0,0.003,0.647,0.026000000000000002,0.633,0.41200000000000003,0.731
199.0,90.317,353,21.0,0.0,0.0,16.0,0.0,0.0,0.354,0.0,0.0,900.0,0.0,1260.0,0.061,0.7340000000000001,0.14400000000000002,0.664,0.33399999999999996,0.6779999999999999
200.0,110.143,330,23.0,0.0,0.0,22.0,0.0,0.0,0.37,0.0,0.0,900.0,0.0,1380.0,0.317,0.831,0.182,0.741,0.7859999999999999,0.858
201.0,131.375,296,34.0,0.0,0.0,12.0,13.0,0.0,0.462,0.47,0.0,900.0,800.0,2040.0,3.6039999999999996,1.0,1.845,0.938,1.2819999999999998,0.9109999999999999
202.0,151.412,268,28.0,0.0,0.0,0.0,25.0,0.0,0.0,0.659,0.0,0.0,800.0,1680.0,5.367999999999999,1.0,0.287,0.865,4.979,1.0
203.0,179.055,246,22.0,0.0,0.0,12.0,21.0,0.0,0.626,0.701,0.0,900.0,800.0,1320.0,4.638999999999999,1.0,1.081,0.91,2.978,0.9229999999999999
204.0,203.404,224,22.0,0.0,0.0,27.0,0.0,0.0,0.556,0.0,0.0,900.0,0.0,1320.0,0.08900000000000001,0.813,0.126,0.768,4.77,1.0
205.0,220.56,203,21.0,0.0,0.0,19.0,0.0,0.0,0.38799999999999996,0.0,0.0,900.0,0.0,1260.0,0.282,0.755,0.498,0.6829999999999999,0.5760000000000001,0.7959999999999999
206.0,241.32,178,25.0,0.0,0.0,23.0,0.0,0.0,0.359,0.0,0.0,900.0,0.0,1500.0,0.195,0.9209999999999999,0.272,0.866,1.105,0.825
207.0,262.986,157,21.0,0.0,0.0,24.0,0.0,0.0,0.41,0.0,0.0,900.0,0.0,1260.0,0.212,0.7509999999999999,0.23,0.7020000000000001,1.06,0.91
208.0,281.057,136,21.0,0.0,0.0,20.0,0.0,0.0,0.48700000000000004,0.0,0.0,900.0,0.0,1260.0,0.14,0.76,0.125,0.7070000000000001,3.451,0.95
209.0,300.933,116,20.0,0.0,0.0,22.0,0.0,0.0,0.36200000000000004,0.0,0.0,900.0,0.0,1200.0,0.179,0.728,0.215,0.6970000000000001,0.17300000000000001,0.703
210.0,321.714,564,24.0,0.0,0.0,23.0,0.0,0.0,0.413,0.0,0.0,900.0,0.0,1440.0,0.276,0.853,0.247,0.7979999999999999,1.8530000000000002,0.953
211.0,342.501,543,21.0,0.0,0.0,23.0,0.0,0.0,0.33299999999999996,0.0,0.0,900.0,0.0,1260.0,0.193,0.765,0.35,0.7440000000000001,0.171,0.541
212.0,358.793,522,21.0,0.0,0.0,18.0,0.0,0.0,0.326,0.0,0.0,900.0,0.0,1260.0,0.32,0.737,0.09,0.667,0.174,0.435
213.0,379.589,494,28.0,0.0,0.0,23.0,0.0,0.0,0.507,0.0,0.0,900.0,0.0,1680.0,0.55,0.945,0.11699999999999999,0.79,4.406000000000001,1.0
214.0,403.991,472,22.0,0.0,0.0,27.0,0.0,0.0,0.373,0.0,0.0,900.0,0.0,1320.0,0.324,0.882,0.483,0.79,0.5579999999999999,0.8490000000000001
215.0,426.6,443,29.0,0.0,0.0,25.0,0.0,0.0,0.36,0.0,0.0,900.0,0.0,1740.0,1.9609999999999999,0.934,0.24100000000000002,0.813,0.779,0.76
216.0,451.915,421,22.0,0.0,0.0,28.0,0.0,0.0,0.39299999999999996,0.0,0.0,900.0,0.0,1320.0,0.47200000000000003,0.878,0.275,0.8170000000000001,0.483,0.675
217.0,186.698,400,21.0,0.0,0.0,21.0,0.0,0.0,0.314,0.0,0.0,900.0,0.0,1260.0,0.076,0.7190000000000001,0.086,0.6890000000000001,0.14800000000000002,0.637
218.0,208.35,376,24.0,0.0,0.0,24.0,0.0,0.0,0.308,0.0,0.0,900.0,0.0,1440.0,0.244,0.907,0.111,0.8240000000000001,0.066,0.679
219.0,226.406,355,21.0,0.0,0.0,20.0,0.0,0.0,0.391,0.0,0.0,900.0,0.0,1260.0,0.122,0.743,0.109,0.6679999999999999,0.843,0.937
220.0,243.568,337,18.0,0.0,0.0,19.0,0.0,0.0,0.313,0.0,0.0,900.0,0.0,1080.0,0.005,0.667,0.004,0.629,0.207,0.732
221.0,263.434,311,26.0,0.0,0.0,22.0,0.0,0.0,0.46,0.0,0.0,900.0,0.0,1560.0,0.508,0.893,0.032,0.742,2.998,1.0
222.0,281.504,289,22.0,0.0,0.0,20.0,0.0,0.0,0.624,0.0,0.0,900.0,0.0,1320.0,0.042,0.838,0.126,0.6920000000000001,6.445,1.0
223.0,306.782,267,22.0,0.0,0.0,28.0,0.0,0.0,0.384,0.0,0.0,900.0,0.0,1320.0,0.132,0.764,0.141,0.772,0.7809999999999999,0.6659999999999999
224.0,325.765,243,24.0,0.0,0.0,21.0,0.0,0.0,0.33399999999999996,0.0,0.0,900.0,0.0,1440.0,0.344,0.805,0.036000000000000004,0.7020000000000001,0.42200000000000004,0.703
225.0,347.452,213,30.0,0.0,0.0,24.0,0.0,0.0,0.424,0.0,0.0,900.0,0.0,1800.0,2.068,0.9520000000000001,0.244,0.8029999999999999,2.164,0.9179999999999999
226.0,370.046,188,25.0,0.0,0.0,25.0,0.0,0.0,0.631,0.0,0.0,900.0,0.0,1500.0,3.138,1.0,0.44,0.9420000000000001,4.436,1.0
227.0,399.846,159,29.0,0.0,0.0,33.0,0.0,0.0,0.503,0.0,0.0,900.0,0.0,1740.0,2.557,1.0,1.601,0.9540000000000001,1.508,0.685
228.0,420.653,127,32.0,0.0,0.0,23.0,0.0,0.0,0.489,0.0,0.0,900.0,0.0,1920.0,5.361000000000001,1.0,0.804,0.905,1.324,0.85
229.0,394.161,91,36.0,0.0,0.0,26.0,0.0,0.0,0.731,0.0,0.0,900.0,0.0,2160.0,10.085,1.0,0.308,0.868,5.2989999999999995,1.0
230.0,411.013,68,23.0,0.0,0.0,3.0,20.0,0.0,0.8590000000000001,1.093,0.0,900.0,702.345,1380.0,12.837,1.0,0.537,0.89,10.405999999999999,1.0
231.0,427.802,41,27.0,0.0,0.0,9.0,17.0,0.0,1.248,1.2209999999999999,0.0,676.575,622.984,1620.0,11.967,1.0,0.672,0.9309999999999999,11.089,1.0
232.0,112.831,496,17.0,0.0,0.0,0.0,31.0,0.0,0.0,1.2109999999999999,0.0,0.0,630.925,1020.0,6.175,1.0,2.741,0.973,10.456,1.0
233.0,134.729,469,27.0,0.0,8.0,5.0,12.0,0.609,0.713,0.941,1000.0,900.0,780.4760000000001,1620.0,0.627,0.888,0.39899999999999997,0.7959999999999999,7.114,1.0
234.0,154.568,442,27.0,0.0,0.0,22.0,0.0,0.0,0.679,0.0,0.0,900.0,0.0,1620.0,0.963,0.982,0.32799999999999996,0.848,9.342,1.0
235.0,175.928,412,30.0,0.0,0.0,25.0,0.0,0.0,1.0290000000000001,0.0,0.0,852.695,0.0,1800.0,1.494,0.988,0.6729999999999999,0.9329999999999999,17.548,1.0
236.0,200.346,382,30.0,0.0,0.0,28.0,0.0,0.0,0.993,0.0,0.0,870.321,0.0,1800.0,7.1160000000000005,1.0,0.9359999999999999,0.9329999999999999,16.273,1.0
237.0,212.698,363,19.0,0.0,0.0,21.0,0.0,0.0,1.349,0.0,0.0,585.6419999999999,0.0,1140.0,2.576,0.93,0.159,0.825,21.549,1.0
238.0,224.26,337,26.0,0.0,0.0,23.0,0.0,0.0,1.444,0.0,0.0,500.19300000000004,0.0,1560.0,0.418,0.929,0.606,0.848,23.121,1.0
239.0,242.979,310,27.0,0.0,0.0,27.0,0.0,0.0,1.232,0.0,0.0,691.048,0.0,1620.0,0.278,0.875,0.34,0.887,22.803,1.0
240.0,269.365,288,22.0,0.0,0.0,33.0,0.0,0.0,1.1079999999999999,0.0,0.0,797.5369999999999,0.0,1320.0,0.002,0.591,0.958,0.778,18.62,1.0
241.0,287.836,264,24.0,0.0,0.0,21.0,0.0,0.0,0.991,0.0,0.0,876.128,0.0,1440.0,0.055999999999999994,0.655,0.47700000000000004,0.79,15.591,1.0
242.0,310.763,234,30.0,0.0,0.0,28.0,0.0,0.0,1.075,0.0,0.0,816.0269999999999,0.0,1800.0,0.051,0.767,2.387,0.986,16.141,1.0
243.0,336.852,211,23.0,0.0,0.0,29.0,0.0,0.0,0.914,0.0,0.0,896.7139999999999,0.0,1380.0,0.023,0.674,1.34,0.9009999999999999,14.157,1.0
244.0,360.343,189,22.0,0.0,0.0,26.0,0.0,0.0,0.765,0.0,0.0,900.0,0.0,1320.0,0.0,0.579,0.391,0.768,9.86,1.0
245.0,384.71,161,28.0,0.0,0.0,27.0,0.0,0.0,0.805,0.0,0.0,898.89,0.0,1680.0,0.15,0.757,0.5429999999999999,0.877,11.946,1.0
246.0,397.372,130,31.0,0.0,0.0,14.0,0.0,0.0,0.8240000000000001,0.0,0.0,897.118,0.0,1860.0,0.10400000000000001,0.85,8.609,0.937,8.051,1.0
247.0,423.127,656,30.0,0.0,0.0,30.0,0.0,0.0,1.002,0.0,0.0,854.883,0.0,1800.0,0.149,0.8,13.504000000000001,1.0,7.051,1.0
248.0,460.473,632,24.0,0.0,0.0,43.0,0.0,0.0,0.8390000000000001,0.0,0.0,865.809,0.0,1440.0,0.040999999999999995,0.5920000000000001,5.425,0.866,6.412000000000001,1.0
249.0,474.095,602,30.0,0.0,0.0,15.0,0.0,0.0,0.6709999999999999,0.0,0.0,900.0,0.0,1800.0,0.141,0.85,0.355,0.887,12.177999999999999,1.0
250.0,182.457,576,26.0,0.0,0.0,22.0,0.0,0.0,1.104,0.0,0.0,805.165,0.0,1560.0,0.0,0.727,0.628,0.9059999999999999,23.315,1.0
251.0,208.731,548,28.0,0.0,0.0,34.0,0.0,0.0,1.143,0.0,0.0,771.27,0.0,1680.0,0.011000000000000001,0.6890000000000001,0.736,0.858,19.840999999999998,1.0
252.0,224.841,523,25.0,0.0,0.0,21.0,0.0,0.0,1.151,0.0,0.0,764.449,0.0,1500.0,0.139,0.6859999999999999,0.525,0.804,23.005,1.0
253.0,243.868,496,27.0,0.0,0.0,29.0,0.0,0.0,1.273,0.0,0.0,653.991,0.0,1620.0,0.07,0.75,1.025,0.958,23.366999999999997,1.0
254.0,274.433,468,28.0,0.0,0.0,35.0,0.0,0.0,0.966,0.0,0.0,871.347,0.0,1680.0,0.109,0.778,1.4480000000000002,0.953,16.475,1.0
255.0,291.823,447,21.0,0.0,0.0,20.0,0.0,0.0,0.988,0.0,0.0,865.809,0.0,1260.0,0.052000000000000005,0.5770000000000001,0.782,0.775,15.915,1.0
256.0,313.285,418,29.0,0.0,0.0,25.0,0.0,0.0,0.99,0.0,0.0,855.2719999999999,0.0,1740.0,0.327,0.7440000000000001,1.3619999999999999,0.871,14.02,1.0
257.0,335.172,393,25.0,0.0,0.0,26.0,0.0,0.0,1.056,0.0,0.0,838.56,0.0,1500.0,0.175,0.7040000000000001,1.311,0.8959999999999999,18.552,1.0
258.0,358.396,368,25.0,0.0,0.0,27.0,0.0,0.0,1.011,0.0,0.0,856.7719999999999,0.0,1500.0,0.18,0.667,0.515,0.7979999999999999,17.107,1.0
259.0,383.48,338,30.0,0.0,0.0,28.0,0.0,0.0,0.9390000000000001,0.0,0.0,892.3960000000001,0.0,1800.0,0.212,0.782,0.7290000000000001,0.929,16.554000000000002,1.0
260.0,416.645,312,26.0,0.0,0.0,37.0,0.0,0.0,0.878,0.0,0.0,893.545,0.0,1560.0,0.055999999999999994,0.7090000000000001,11.554,1.0,4.7,1.0
261.0,443.758,278,34.0,0.0,0.0,30.0,0.0,0.0,0.5820000000000001,0.0,0.0,900.0,0.0,2040.0,0.41100000000000003,0.91,7.432,0.996,0.755,0.75
262.0,476.278,249,29.0,0.0,0.0,36.0,0.0,0.0,0.565,0.0,0.0,900.0,0.0,1740.0,0.078,0.8079999999999999,4.958,0.998,2.8760000000000003,0.96
263.0,501.606,222,27.0,0.0,0.0,28.0,0.0,0.0,0.48,0.0,0.0,900.0,0.0,1620.0,0.177,0.6990000000000001,0.565,0.7959999999999999,3.687,1.0
264.0,520.639,188,34.0,0.0,0.0,21.0,0.0,0.0,0.736,0.0,0.0,900.0,0.0,2040.0,0.423,0.894,4.393,0.9690000000000001,8.508,1.0
265.0,544.949,676,26.0,0.0,0.0,27.0,0.0,0.0,0.8140000000000001,0.0,0.0,895.221,0.0,1560.0,0.165,0.738,2.917,0.879,10.804,1.0
266.0,567.935,653,23.0,0.0,0.0,26.0,0.0,0.0,0.98,0.0,0.0,878.5139999999999,0.0,1380.0,0.022000000000000002,0.63,1.7730000000000001,0.8959999999999999,16.980999999999998,1.0
267.0,589.591,625,28.0,0.0,0.0,24.0,0.0,0.0,0.935,0.0,0.0,896.04,0.0,1680.0,0.071,0.7829999999999999,6.518,0.914,8.241,1.0
268.0,313.633,591,34.0,0.0,0.0,37.0,0.0,0.0,0.7240000000000001,0.0,0.0,900.0,0.0,2040.0,0.295,0.847,10.469000000000001,1.0,1.57,0.8959999999999999
269.0,338.016,561,30.0,0.0,0.0,27.0,0.0,0.0,0.833,0.0,0.0,899.966,0.0,1800.0,0.39299999999999996,0.835,12.937999999999999,1.0,2.8139999999999996,0.993
270.0,362.002,531,30.0,0.0,0.0,27.0,0.0,0.0,0.83,0.0,0.0,884.9630000000001,0.0,1800.0,0.629,0.8240000000000001,6.755,0.99,8.984,0.996
271.0,389.101,500,31.0,0.0,0.0,30.0,0.0,0.0,0.8029999999999999,0.0,0.0,900.0,0.0,1860.0,0.904,0.8540000000000001,4.743,0.981,10.25,1.0
272.0,421.419,472,28.0,0.0,0.0,36.0,0.0,0.0,0.833,0.0,0.0,894.7589999999999,0.0,1680.0,0.17800000000000002,0.7290000000000001,3.8739999999999997,0.983,9.875,1.0
273.0,443.126,440,32.0,0.0,0.0,24.0,0.0,0.0,0.7979999999999999,0.0,0.0,899.7769999999999,0.0,1920.0,0.122,0.818,2.5639999999999996,0.992,12.404000000000002,1.0
274.0,466.392,415,25.0,0.0,0.0,26.0,0.0,0.0,0.953,0.0,0.0,890.2689999999999,0.0,1500.0,0.19399999999999998,0.732,1.5490000000000002,0.875,16.947,1.0
275.0,493.805,391,24.0,0.0,0.0,32.0,0.0,0.0,0.991,0.0,0.0,852.727,0.0,1440.0,0.054000000000000006,0.6629999999999999,2.237,0.9179999999999999,16.541,1.0
276.0,508.139,366,25.0,0.0,0.0,17.0,0.0,0.0,1.0290000000000001,0.0,0.0,835.502,0.0,1500.0,0.6890000000000001,0.6829999999999999,0.22699999999999998,0.7240000000000001,18.373,1.0
277.0,532.53,337,29.0,0.0,0.0,32.0,0.0,0.0,1.145,0.0,0.0,757.9780000000001,0.0,1740.0,0.047,0.77,1.3030000000000002,0.868,18.649,1.0
278.0,557.873,306,31.0,0.0,0.0,28.0,0.0,0.0,0.8809999999999999,0.0,0.0,900.0,0.0,1860.0,0.11199999999999999,0.852,2.642,1.0,15.702,1.0
279.0,579.033,282,24.0,0.0,0.0,25.0,0.0,0.0,1.063,0.0,0.0,840.4639999999999,0.0,1440.0,0.18,0.64,0.53,0.7979999999999999,18.59,1.0
280.0,604.084,252,30.0,0.0,0.0,30.0,0.0,0.0,1.051,0.0,0.0,829.887,0.0,1800.0,0.053,0.7879999999999999,0.97,0.92,19.098,1.0
281.0,626.227,224,28.0,0.0,0.0,26.0,0.0,0.0,1.052,0.0,0.0,845.477,0.0,1680.0,0.32299999999999995,0.738,1.1340000000000001,0.915,19.069000000000003,1.0
282.0,652.924,194,30.0,0.0,0.0,31.0,0.0,0.0,1.015,0.0,0.0,855.817,0.0,1800.0,0.426,0.8009999999999999,2.023,0.934,17.211,1.0
283.0,677.596,678,30.0,0.0,0.0,28.0,0.0,0.0,1.003,0.0,0.0,874.949,0.0,1800.0,0.33299999999999996,0.7709999999999999,1.676,0.941,18.565,1.0
284.0,706.379,648,30.0,0.0,0.0,32.0,0.0,0.0,0.9359999999999999,0.0,0.0,893.83,0.0,1800.0,0.682,0.8079999999999999,4.613,1.0,15.509,1.0
285.0,728.272,620,28.0,0.0,0.0,4.0,23.0,0.0,0.982,0.953,0.0,895.872,787.942,1680.0,0.7929999999999999,0.789,4.3580000000000005,0.988,15.062999999999999,1.0
286.0,742.047,598,22.0,0.0,0.0,0.0,22.0,0.0,0.0,1.228,0.0,0.0,617.378,1320.0,0.0,0.628,0.44,0.772,21.647,1.0
287.0,766.839,565,33.0,0.0,0.0,0.0,33.0,0.0,0.0,0.956,0.0,0.0,745.2719999999999,1980.0,1.765,0.907,3.7439999999999998,0.9740000000000001,13.082,1.0
288.0,785.013,542,23.0,0.0,0.0,0.0,25.0,0.0,0.0,1.093,0.0,0.0,718.868,1380.0,0.065,0.62,0.6920000000000001,0.8140000000000001,19.742,1.0
289.0,800.473,520,22.0,0.0,0.0,12.0,10.0,0.0,1.169,1.212,0.0,745.465,630.697,1320.0,0.011000000000000001,0.537,0.138,0.6729999999999999,20.123,1.0
290.0,821.362,495,25.0,0.0,0.0,28.0,0.0,0.0,1.175,0.0,0.0,738.485,0.0,1500.0,0.11699999999999999,0.653,0.33899999999999997,0.7809999999999999,18.518,1.0
291.0,835.754,464,31.0,0.0,0.0,30.0,0.0,0.0,0.9079999999999999,0.0,0.0,885.913,0.0,1860.0,0.65,0.868,4.0889999999999995,0.983,12.368,1.0
292.0,869.277,437,27.0,0.0,0.0,37.0,0.0,0.0,0.7240000000000001,0.0,0.0,900.0,0.0,1620.0,0.368,0.757,2.7439999999999998,0.9670000000000001,7.855,1.0
293.0,896.507,396,41.0,0.0,0.0,30.0,0.0,0.0,0.5479999999999999,0.0,0.0,900.0,0.0,2460.0,2.085,1.0,6.205,1.0,3.275,1.0
294.0,918.987,370,26.0,0.0,0.0,24.0,1.0,0.0,0.8590000000000001,1.025,0.0,894.283,780.1110000000001,1560.0,1.294,0.823,10.76,1.0,7.932,1.0
295.0,934.642,351,19.0,0.0,0.0,0.0,25.0,0.0,0.0,1.229,0.0,0.0,616.534,1140.0,0.0,0.473,2.0180000000000002,0.845,16.714000000000002,1.0
296.0,959.115,323,28.0,0.0,24.0,0.0,2.0,0.948,0.0,1.426,971.155,0.0,459.106,1680.0,0.069,0.778,0.8240000000000001,0.9329999999999999,13.898,1.0
297.0,989.37,306,17.0,0.0,30.0,0.0,0.0,0.764,0.0,0.0,1000.0,0.0,0.0,1020.0,0.0,0.46399999999999997,0.364,0.682,9.702,1.0
298.0,1017.632,279,27.0,0.0,28.0,0.0,0.0,0.514,0.0,0.0,1000.0,0.0,0.0,1620.0,0.3,0.74,1.909,0.9279999999999999,2.827,1.0
299.0,1045.902,257,22.0,0.0,28.0,0.0,0.0,0.402,0.0,0.0,1000.0,0.0,0.0,1320.0,0.11699999999999999,0.614,0.743,0.889,0.545,0.706
300.0,1071.178,226,31.0,0.0,25.0,0.0,0.0,0.379,0.0,0.0,1000.0,0.0,0.0,1860.0,0.5429999999999999,0.799,1.632,0.89,0.153,0.677
301.0,1093.46,198,28.0,0.0,22.0,0.0,0.0,0.40700000000000003,0.0,0.0,1000.0,0.0,0.0,1680.0,0.171,0.7440000000000001,0.748,0.9009999999999999,2.404,0.941
302.0,1121.75,177,21.0,0.0,28.0,0.0,0.0,0.483,0.0,0.0,1000.0,0.0,0.0,1260.0,0.001,0.555,0.778,0.7659999999999999,2.309,0.905
303.0,1142.046,158,19.0,0.0,20.0,0.0,0.0,0.34,0.0,0.0,1000.0,0.0,0.0,1140.0,0.017,0.5720000000000001,0.027999999999999997,0.6759999999999999,0.401,0.867
304.0,1161.347,140,18.0,0.0,19.0,0.0,0.0,0.374,0.0,0.0,1000.0,0.0,0.0,1080.0,0.0,0.44,0.28800000000000003,0.581,1.127,0.879
305.0,1180.653,121,19.0,0.0,19.0,0.0,0.0,0.41200000000000003,0.0,0.0,1000.0,0.0,0.0,1140.0,0.023,0.545,0.015,0.61,0.973,0.7759999999999999
306.0,891.488,121,19.0,0.0,20.0,0.0,0.0,0.317,0.0,0.0,1000.0,0.0,0.0,1140.0,0.033,0.504,0.057999999999999996,0.628,0.715,0.713
307.0,906.723,104,17.0,0.0,15.0,0.0,0.0,0.375,0.0,0.0,1000.0,0.0,0.0,1020.0,0.0,0.43,0.057999999999999996,0.542,0.055,0.5760000000000001
308.0,924.962,88,16.0,0.0,18.0,0.0,0.0,0.321,0.0,0.0,1000.0,0.0,0.0,960.0,0.0,0.44799999999999995,0.063,0.629,0.225,0.5920000000000001
309.0,941.206,70,18.0,0.0,16.0,0.0,0.0,0.36,0.0,0.0,1000.0,0.0,0.0,1080.0,0.0,0.49200000000000005,0.01,0.488,0.531,0.882
310.0,959.454,57,13.0,0.0,18.0,0.0,0.0,0.46399999999999997,0.0,0.0,1000.0,0.0,0.0,780.0,0.0,0.366,0.077,0.515,1.9369999999999998,0.9329999999999999
311.0,975.707,37,20.0,0.0,16.0,0.0,0.0,0.28600000000000003,0.0,0.0,1000.0,0.0,0.0,1200.0,0.0,0.539,0.0,0.5870000000000001,0.042,0.38799999999999996
312.0,995.964,20,17.0,0.0,20.0,0.0,0.0,0.33399999999999996,0.0,0.0,1000.0,0.0,0.0,1020.0,0.018000000000000002,0.45299999999999996,0.06,0.5589999999999999,0.413,0.63
313.0,1012.226,0,20.0,0.0,16.0,0.0,0.0,0.302,0.0,0.0,1000.0,0.0,0.0,1200.0,0.0,0.5479999999999999,0.045,0.623,0.272,0.565
314.0,1020.492,0,1.0,0.983,8.0,0.0,0.0,0.391,0.0,0.0,1000.0,0.0,0.0,60.0,0.0,0.01,0.0,0.10099999999999999,0.382,0.253
315.0,1020.759,0,0.0,1.0,0.0,0.0,0.0,0.0,0.0,0.0,0.0,0.0,0.0,0.0,0.0,0.0,0.0,0.0,0.0,0.0
316.0,1021.025,0,0.0,1.0,0.0,0.0,0.0,0.0,0.0,0.0,0.0,0.0,0.0,0.0,0.0,0.0,0.0,0.0,0.0,0.0
317.0,1021.292,0,0.0,1.0,0.0,0.0,0.0,0.0,0.0,0.0,0.0,0.0,0.0,0.0,0.0,0.0,0.0,0.0,0.0,0.0
318.0,1021.558,0,0.0,1.0,0.0,0.0,0.0,0.0,0.0,0.0,0.0,0.0,0.0,0.0,0.0,0.0,0.0,0.0,0.0,0.0
319.0,1021.825,0,0.0,1.0,0.0,0.0,0.0,0.0,0.0,0.0,0.0,0.0,0.0,0.0,0.0,0.0,0.0,0.0,0.0,0.0
320.0,1022.092,0,7.0,2.5660000000000003,0.0,0.0,0.0,0.0,0.0,0.0,0.0,0.0,0.0,420.0,0.0,0.0,0.0,0.0,0.0,0.0
321.0,1032.36,473,33.0,0.475,11.0,0.0,0.0,1.4140000000000001,0.0,0.0,909.091,0.0,0.0,1980.0,4.743,0.945,1.482,0.8270000000000001,4.814,0.691
322.0,1050.673,450,23.0,0.0,0.0,0.0,26.0,0.0,0.0,1.1159999999999999,0.0,0.0,693.924,1380.0,0.562,0.706,1.495,0.88,18.992,1.0
323.0,1067.67,425,25.0,0.0,0.0,0.0,23.0,0.0,0.0,1.0859999999999999,0.0,0.0,726.9630000000001,1500.0,0.33299999999999996,0.7,2.6710000000000003,0.9620000000000001,17.534000000000002,1.0
324.0,1077.532,406,19.0,0.0,0.0,0.0,20.0,0.0,0.0,1.401,0.0,0.0,479.102,1140.0,0.0,0.535,0.444,0.75,22.12,1.0
325.0,892.752,376,30.0,0.0,0.0,0.0,28.0,0.0,0.0,1.0759999999999998,0.0,0.0,713.732,1800.0,0.972,0.7979999999999999,2.42,0.971,16.83,1.0
326.0,905.275,356,20.0,0.0,0.0,0.0,20.0,0.0,0.0,1.232,0.0,0.0,614.362,1200.0,0.08199999999999999,0.556,0.212,0.6779999999999999,22.449,1.0
327.0,928.145,322,34.0,0.0,0.0,0.0,35.0,0.0,0.0,1.1320000000000001,0.0,0.0,646.595,2040.0,1.7280000000000002,0.852,3.167,0.92,14.463,1.0
328.0,944.187,305,17.0,0.0,0.0,0.0,21.0,0.0,0.0,0.978,0.0,0.0,752.262,1020.0,0.14800000000000002,0.547,2.716,0.889,16.747,1.0
329.0,959.793,279,26.0,0.0,15.0,1.0,9.0,1.271,1.682,1.402,717.711,286.406,478.431,1560.0,0.092,0.68,0.534,0.655,19.590999999999998,1.0
330.0,985.827,262,17.0,0.0,16.0,12.0,0.0,0.988,0.9940000000000001,0.0,952.412,878.525,0.0,1020.0,0.0,0.46,0.29,0.674,14.161,1.0
331.0,1008.878,229,33.0,0.0,14.0,1.0,10.0,0.708,1.123,0.598,1000.0,789.573,800.0,1980.0,0.653,0.8859999999999999,1.8619999999999999,0.97,7.81,1.0
332.0,1039.646,211,18.0,0.0,10.0,21.0,2.0,0.39899999999999997,0.7090000000000001,0.679,1000.0,900.0,800.0,1080.0,0.017,0.485,0.5379999999999999,0.685,5.341,0.868
333.0,1054.92,188,23.0,0.0,15.0,0.0,0.0,0.35700000000000004,0.0,0.0,1000.0,0.0,0.0,1380.0,0.008,0.61,0.16699999999999998,0.679,1.694,0.7709999999999999
334.0,1083.2,166,22.0,0.0,28.0,0.0,0.0,0.387,0.0,0.0,1000.0,0.0,0.0,1320.0,0.005,0.574,0.431,0.75,0.752,0.887
335.0,1104.486,145,21.0,0.0,21.0,0.0,0.0,0.38,0.0,0.0,1000.0,0.0,0.0,1260.0,0.102,0.5770000000000001,0.256,0.742,1.3619999999999999,0.7979999999999999
336.0,1130.778,126,19.0,0.0,26.0,0.0,0.0,0.361,0.0,0.0,1000.0,0.0,0.0,1140.0,0.076,0.5579999999999999,0.027999999999999997,0.644,0.797,0.741
337.0,1147.075,105,21.0,0.0,16.0,0.0,0.0,0.33799999999999997,0.0,0.0,1000.0,0.0,0.0,1260.0,0.016,0.529,0.15,0.58,0.196,0.644
338.0,1171.378,80,25.0,0.0,24.0,0.0,0.0,0.321,0.0,0.0,1000.0,0.0,0.0,1500.0,0.006999999999999999,0.685,0.29,0.862,0.494,0.8290000000000001
339.0,1194.687,59,21.0,0.0,23.0,0.0,0.0,0.364,0.0,0.0,1000.0,0.0,0.0,1260.0,0.046,0.561,0.17800000000000002,0.73,0.599,0.7070000000000001
340.0,1216.001,378,21.0,0.0,21.0,0.0,0.0,0.46399999999999997,0.0,0.0,1000.0,0.0,0.0,1260.0,0.05,0.5529999999999999,0.045,0.674,3.239,0.981
341.0,1234.32,356,22.0,0.0,18.0,0.0,0.0,0.45399999999999996,0.0,0.0,1000.0,0.0,0.0,1320.0,0.016,0.624,0.086,0.6679999999999999,1.979,1.0
342.0,1076.634,337,19.0,0.0,23.0,0.0,0.0,0.42,0.0,0.0,1000.0,0.0,0.0,1140.0,0.055,0.521,0.134,0.722,1.8880000000000001,0.8390000000000001
343.0,1094.917,318,19.0,0.0,18.0,0.0,0.0,0.321,0.0,0.0,1000.0,0.0,0.0,1140.0,0.0,0.519,0.107,0.557,0.303,0.596
344.0,1122.207,289,29.0,0.0,27.0,0.0,0.0,0.36200000000000004,0.0,0.0,1000.0,0.0,0.0,1740.0,0.32899999999999996,0.758,1.5019999999999998,0.919,0.5589999999999999,0.815
345.0,1145.503,271,18.0,0.0,23.0,0.0,0.0,0.345,0.0,0.0,1000.0,0.0,0.0,1080.0,0.0,0.46799999999999997,0.11199999999999999,0.58,0.256,0.542
346.0,1165.804,249,22.0,0.0,20.0,0.0,0.0,0.38299999999999995,0.0,0.0,1000.0,0.0,0.0,1320.0,0.003,0.602,0.12300000000000001,0.715,1.0979999999999999,0.856
347.0,1185.111,232,17.0,0.0,19.0,0.0,0.0,0.392,0.0,0.0,1000.0,0.0,0.0,1020.0,0.0,0.457,0.066,0.625,1.235,0.912
348.0,1202.423,215,17.0,0.0,17.0,0.0,0.0,0.33299999999999996,0.0,0.0,1000.0,0.0,0.0,1020.0,0.009000000000000001,0.46299999999999997,0.138,0.596,0.0,0.44299999999999995
349.0,1216.738,199,16.0,0.0,14.0,0.0,0.0,0.299,0.0,0.0,1000.0,0.0,0.0,960.0,0.043,0.425,0.042,0.5479999999999999,0.013000000000000001,0.386
350.0,1229.058,190,9.0,0.0,12.0,0.0,0.0,0.308,0.0,0.0,1000.0,0.0,0.0,540.0,0.0,0.253,0.0,0.39899999999999997,0.040999999999999995,0.273
351.0,1244.381,176,14.0,0.0,15.0,0.0,0.0,0.359,0.0,0.0,1000.0,0.0,0.0,840.0,0.040999999999999995,0.39399999999999996,0.018000000000000002,0.48,0.22699999999999998,0.674
352.0,1261.708,159,17.0,0.0,17.0,0.0,0.0,0.308,0.0,0.0,1000.0,0.0,0.0,1020.0,0.0,0.444,0.05,0.516,0.319,0.48700000000000004
353.0,1274.038,146,13.0,0.0,12.0,0.0,0.0,0.294,0.0,0.0,1000.0,0.0,0.0,780.0,0.062,0.376,0.1,0.446,0.039,0.337
354.0,1287.373,135,11.0,0.0,13.0,0.0,0.0,0.35,0.0,0.0,1000.0,0.0,0.0,660.0,0.0,0.281,0.0,0.37799999999999995,0.040999999999999995,0.568
355.0,1301.71,120,15.0,0.0,14.0,0.0,0.0,0.33399999999999996,0.0,0.0,1000.0,0.0,0.0,900.0,0.0,0.42,0.0,0.48700000000000004,0.19899999999999998,0.569
356.0,1319.052,102,18.0,0.0,17.0,0.0,0.0,0.364,0.0,0.0,1000.0,0.0,0.0,1080.0,0.002,0.45,0.011000000000000001,0.51,0.79,0.6709999999999999
357.0,1336.299,385,17.0,0.0,16.0,1.0,0.0,0.29,0.37799999999999995,0.0,1000.0,900.0,0.0,1020.0,0.0,0.47,0.012,0.583,0.021,0.531
358.0,1348.65,366,19.0,0.0,12.0,0.0,0.0,0.326,0.0,0.0,1000.0,0.0,0.0,1140.0,0.0,0.484,0.011000000000000001,0.564,0.584,0.6659999999999999
359.0,1369.005,349,17.0,0.0,20.0,0.0,0.0,0.40399999999999997,0.0,0.0,1000.0,0.0,0.0,1020.0,0.0,0.491,0.134,0.633,0.652,0.659
360.0,1388.365,330,19.0,0.0,19.0,0.0,0.0,0.405,0.0,0.0,1000.0,0.0,0.0,1140.0,0.09,0.5,0.136,0.685,1.7109999999999999,0.898
361.0,1403.73,317,13.0,0.0,15.0,0.0,0.0,0.371,0.0,0.0,1000.0,0.0,0.0,780.0,0.0,0.369,0.005,0.441,0.29100000000000004,0.64
362.0,1423.099,296,21.0,0.0,19.0,0.0,0.0,0.306,0.0,0.0,1000.0,0.0,0.0,1260.0,0.03,0.5670000000000001,0.03,0.612,0.066,0.511
363.0,1441.473,281,15.0,0.0,18.0,0.0,0.0,0.37,0.0,0.0,1000.0,0.0,0.0,900.0,0.0,0.385,0.125,0.5379999999999999,0.502,0.7020000000000001
364.0,1458.852,266,15.0,0.0,17.0,0.0,0.0,0.335,0.0,0.0,1000.0,0.0,0.0,900.0,0.092,0.44,0.081,0.57,0.319,0.619
365.0,1474.234,248,18.0,0.0,15.0,0.0,0.0,0.308,0.0,0.0,1000.0,0.0,0.0,1080.0,0.0,0.47200000000000003,0.001,0.48700000000000004,0.042,0.575
366.0,1492.622,227,21.0,0.0,18.0,0.0,0.0,0.335,0.0,0.0,1000.0,0.0,0.0,1260.0,0.011000000000000001,0.5670000000000001,0.008,0.698,0.555,0.809
367.0,1513.015,212,15.0,0.0,20.0,0.0,0.0,0.341,0.0,0.0,1000.0,0.0,0.0,900.0,0.0,0.40299999999999997,0.006999999999999999,0.541,0.273,0.569
368.0,1529.412,191,21.0,0.0,16.0,0.0,0.0,0.29600000000000004,0.0,0.0,1000.0,0.0,0.0,1260.0,0.012,0.563,0.084,0.629,0.009000000000000001,0.405
369.0,1550.814,176,15.0,0.0,21.0,0.0,0.0,0.33799999999999997,0.0,0.0,1000.0,0.0,0.0,900.0,0.0,0.40399999999999997,0.055,0.5760000000000001,0.599,0.6940000000000001
370.0,1569.221,157,19.0,0.0,18.0,0.0,0.0,0.319,0.0,0.0,1000.0,0.0,0.0,1140.0,0.0,0.523,0.025,0.62,0.135,0.647
371.0,1582.633,140,17.0,0.0,13.0,0.0,0.0,0.366,0.0,0.0,1000.0,0.0,0.0,1020.0,0.0,0.44,0.047,0.512,0.47100000000000003,0.6459999999999999
372.0,1602.049,123,17.0,0.0,19.0,0.0,0.0,0.325,0.0,0.0,1000.0,0.0,0.0,1020.0,0.0,0.469,0.083,0.624,0.231,0.728
373.0,1623.47,103,20.0,0.0,21.0,0.0,0.0,0.364,0.0,0.0,1000.0,0.0,0.0,1200.0,0.0,0.523,0.45,0.634,0.34700000000000003,0.726
374.0,1640.896,85,18.0,0.0,17.0,0.0,0.0,0.414,0.0,0.0,1000.0,0.0,0.0,1080.0,0.013000000000000001,0.49,0.0,0.526,1.591,0.758
375.0,1656.326,61,24.0,0.0,15.0,0.0,0.0,0.496,0.0,0.0,1000.0,0.0,0.0,1440.0,0.046,0.659,0.026000000000000002,0.6970000000000001,3.951,0.978
376.0,1673.761,38,23.0,0.0,17.0,0.0,0.0,0.775,0.0,0.0,1000.0,0.0,0.0,1380.0,0.067,0.624,0.046,0.705,11.255,1.0
377.0,1700.483,19,19.0,0.0,27.0,0.0,0.0,0.872,0.0,0.0,973.395,0.0,0.0,1140.0,0.0,0.528,0.248,0.6709999999999999,11.669,1.0
378.0,1728.931,0,25.0,0.725,28.0,0.0,0.0,0.539,0.0,0.0,1000.0,0.0,0.0,1500.0,0.08800000000000001,0.513,0.18600000000000003,0.7759999999999999,3.279,0.9890000000000001
379.0,1733.384,0,2.0,7.968,4.0,0.0,0.0,0.34299999999999997,0.0,0.0,1000.0,0.0,0.0,120.0,0.0,0.0,0.0,0.023,0.016,0.052000000000000005
380.0,1733.836,0,0.0,8.0,0.0,0.0,0.0,0.0,0.0,0.0,0.0,0.0,0.0,0.0,0.0,0.0,0.0,0.0,0.0,0.0
381.0,1734.289,0,0.0,8.0,0.0,0.0,0.0,0.0,0.0,0.0,0.0,0.0,0.0,0.0,0.0,0.0,0.0,0.0,0.0,0.0
382.0,1734.742,0,0.0,8.0,0.0,0.0,0.0,0.0,0.0,0.0,0.0,0.0,0.0,0.0,0.0,0.0,0.0,0.0,0.0,0.0
383.0,1735.195,0,0.0,8.0,0.0,0.0,0.0,0.0,0.0,0.0,0.0,0.0,0.0,0.0,0.0,0.0,0.0,0.0,0.0,0.0
384.0,1735.648,0,0.0,8.0,0.0,0.0,0.0,0.0,0.0,0.0,0.0,0.0,0.0,0.0,0.0,0.0,0.0,0.0,0.0,0.0
385.0,1736.101,0,0.0,8.0,0.0,0.0,0.0,0.0,0.0,0.0,0.0,0.0,0.0,0.0,0.0,0.0,0.0,0.0,0.0,0.0
386.0,1736.555,0,0.0,8.0,0.0,0.0,0.0,0.0,0.0,0.0,0.0,0.0,0.0,0.0,0.0,0.0,0.0,0.0,0.0,0.0
387.0,1737.008,0,0.0,8.0,0.0,0.0,0.0,0.0,0.0,0.0,0.0,0.0,0.0,0.0,0.0,0.0,0.0,0.0,0.0,0.0
388.0,1737.462,0,0.0,8.0,0.0,0.0,0.0,0.0,0.0,0.0,0.0,0.0,0.0,0.0,0.0,0.0,0.0,0.0,0.0,0.0
389.0,1737.916,0,0.0,8.0,0.0,0.0,0.0,0.0,0.0,0.0,0.0,0.0,0.0,0.0,0.0,0.0,0.0,0.0,0.0,0.0
